user_id,movie_id,rating,timestamp
95,61,2,1666595758
27,63,4,1665182884
189,64,5,1690729578
162,146,5,1697805255
112,87,4,1640175664
113,123,2,1643450247
160,53,3,1691391665
31,128,5,1673242530
178,77,3,1614442330
43,0,3,1604237694
26,94,3,1666359065
153,15,4,1678087103
42,7,4,1619917487
190,22,2,1641972724
78,106,3,1690728226
33,33,4,1689305827
52,108,4,1670493146
108,40,1,1656487234
15,115,4,1613374711
17,40,4,1607894900
18,120,4,1683468276
168,12,1,1641604579
145,50,4,1615634350
76,66,4,1658030841
49,134,5,1644242597
95,72,5,1655239839
73,132,4,1675392907
47,45,5,1692839796
93,48,4,1611983324
121,64,5,1636281698
155,82,1,1669683571
101,18,3,1644846508
74,92,2,1637002744
178,81,4,1682430471
124,111,3,1697113094
5,88,1,1661845936
4,104,5,1621938554
32,51,3,1666361900
179,32,4,1664780634
196,2,4,1630692206
190,74,3,1634095078
118,36,3,1682473794
40,57,3,1686523185
114,16,4,1670899433
168,99,2,1668387148
41,52,3,1666363230
152,92,4,1668933676
94,71,5,1685891027
80,69,5,1639662544
181,1,3,1665706825
50,6,4,1649283665
124,52,3,1621643480
94,70,5,1692122094
179,12,4,1632285561
45,97,3,1676840574
45,15,1,1617554366
9,27,4,1618217821
18,143,4,1699383296
58,60,3,1676602515
134,44,2,1676811925
128,110,3,1661058648
192,93,4,1647705766
17,2,3,1662177390
130,63,3,1637349626
56,66,4,1664025786
155,47,4,1651482870
172,9,4,1609128852
38,73,2,1669718692
147,85,3,1696446299
142,70,3,1695754989
181,138,4,1601941802
171,79,4,1605121918
138,37,4,1640708352
108,73,5,1627408616
157,68,5,1650450226
166,44,1,1625073102
163,80,5,1640928490
52,133,3,1638244295
142,63,3,1624223686
195,114,2,1606735121
98,73,5,1611252470
31,46,3,1674005378
178,54,2,1657821343
0,19,4,1699873466
36,51,5,1617840810
72,48,3,1600686393
54,137,4,1610941600
149,44,2,1689634639
59,89,2,1660672697
194,37,5,1645160754
185,129,4,1612068134
143,88,4,1698790285
21,57,4,1697502264
86,8,5,1633900323
13,17,4,1680800834
155,85,2,1699584747
108,34,5,1638715911
152,34,2,1600256786
199,35,1,1607513916
111,137,3,1641011504
66,50,4,1692264307
56,63,4,1607530874
36,138,3,1661049538
121,7,4,1649525024
103,56,3,1612705030
126,60,5,1644511871
158,83,4,1629380036
155,130,3,1637633887
183,106,5,1607254366
26,95,4,1635464915
99,79,3,1684152822
138,85,3,1665103835
86,26,4,1609614862
122,92,3,1618614569
179,114,4,1641668641
20,82,3,1654241896
27,8,4,1671818158
26,106,3,1645358792
22,1,2,1609704385
133,99,3,1675345202
151,73,4,1638070796
101,120,3,1678295789
135,136,3,1661478607
191,120,4,1673414784
21,13,4,1650097303
76,0,4,1630907760
93,124,3,1640971539
133,123,3,1641682852
112,11,4,1625215105
163,28,4,1661577215
130,118,3,1662861542
52,81,5,1688689620
134,50,4,1664439258
71,142,3,1664848206
130,96,4,1699031214
122,121,4,1608573932
186,119,3,1605675991
149,126,3,1640119175
90,78,3,1694948343
62,144,3,1613448962
74,106,1,1613872588
153,145,3,1697494915
113,84,2,1610764029
162,9,5,1623457187
18,2,2,1602286948
26,44,3,1600292543
0,78,4,1653075154
66,18,4,1634677561
8,83,3,1688650748
58,16,2,1664930898
95,84,4,1691772951
38,129,3,1641714350
59,90,4,1617522462
114,101,4,1687125294
149,57,2,1694810739
184,120,5,1600494751
112,3,3,1650117429
183,48,2,1641107129
174,126,4,1675198391
146,15,3,1660324496
133,11,3,1604739060
104,1,2,1623088641
33,22,3,1699840194
53,110,3,1690836421
52,104,3,1629975965
21,138,4,1665999103
116,53,3,1648923049
167,4,2,1655859249
6,63,3,1678366593
77,21,3,1687226721
95,60,4,1626983362
28,73,3,1657350455
103,144,5,1677960817
76,61,5,1658106428
110,145,3,1669433831
58,65,4,1651760106
64,31,3,1686608615
163,18,3,1618595485
168,105,2,1664881143
52,118,3,1677267092
165,57,4,1661786594
50,75,4,1683162478
156,21,4,1645509410
115,149,5,1662647169
163,64,5,1624348056
170,97,3,1646329449
166,37,5,1625249248
0,14,3,1631433882
142,144,3,1696002463
45,75,4,1683453072
94,84,4,1610336559
183,117,4,1679558911
55,14,3,1659219948
164,26,2,1649126273
98,140,5,1688926918
19,20,2,1643469275
54,77,2,1612515501
66,137,2,1694534103
57,62,5,1615156967
115,16,2,1695924882
157,31,3,1681971279
155,19,2,1690750196
19,9,5,1674048218
198,45,3,1604839134
89,44,2,1602474796
62,137,4,1656903614
130,129,4,1662575267
80,143,4,1612125599
197,68,4,1616563809
2,35,4,1695475927
124,76,2,1624998647
99,73,4,1632905379
1,107,3,1678406348
47,1,1,1615044694
195,145,3,1649085354
137,76,3,1648611533
0,41,4,1613056132
90,38,4,1639846941
101,38,3,1602537756
7,78,3,1635420574
162,52,3,1651645574
87,129,4,1656469117
19,47,3,1643819053
169,98,5,1604949811
136,37,4,1641346333
43,72,2,1682494197
1,59,2,1659867830
26,62,4,1632096901
119,75,3,1668425101
151,45,4,1662171421
0,108,3,1630269232
9,39,4,1672373040
126,30,3,1697739147
165,22,4,1614060737
194,42,5,1659598619
6,13,4,1614377170
87,131,2,1634171823
76,124,4,1654823087
31,39,2,1608950468
21,120,5,1641267415
7,44,3,1631973761
143,55,2,1674803932
112,75,5,1614696635
146,6,3,1664775033
121,120,4,1608698699
38,138,3,1617940599
116,1,2,1659194997
31,67,4,1689946759
59,132,3,1637823794
59,45,2,1601303582
50,126,4,1623349787
87,130,4,1628142221
55,85,4,1625772626
70,123,4,1661821492
96,7,4,1658002120
26,111,4,1677538125
167,44,2,1608764695
122,148,3,1604887982
105,8,4,1609769591
90,61,3,1661749523
65,103,3,1675063598
118,111,3,1618567989
90,136,4,1683029655
34,12,3,1646161214
9,110,3,1611276277
42,69,2,1655918330
82,126,3,1648330831
95,14,4,1615513654
30,114,2,1656497681
33,81,4,1662517486
83,34,4,1679725359
116,5,4,1665695740
170,134,4,1607382770
82,32,3,1627000682
24,125,2,1607585950
60,11,2,1683692608
33,50,5,1689110419
99,0,2,1689768849
59,65,3,1630464915
186,18,3,1673616800
106,101,4,1603488401
59,95,3,1637280663
111,105,3,1699199593
81,82,2,1633080688
56,44,3,1691930597
168,122,1,1611752358
69,32,4,1614449303
124,32,4,1668493941
171,48,2,1690831534
59,145,3,1662181547
181,49,5,1642616743
81,78,1,1682786386
157,72,4,1657042314
17,97,2,1690263330
33,49,3,1619319082
62,14,3,1661967101
114,49,5,1606362981
85,75,5,1684968434
193,146,3,1631145470
23,102,5,1660295813
83,146,2,1611842919
54,3,3,1681887511
41,129,4,1698866830
67,59,3,1691702929
145,13,4,1600863422
124,119,3,1642398044
23,59,4,1612262806
162,48,2,1690058857
55,33,4,1677802227
194,41,4,1603471090
176,81,5,1667711358
19,83,3,1679047500
85,49,4,1660963472
33,110,2,1686083654
102,68,3,1692756349
44,112,3,1636307382
48,116,3,1699146729
182,9,5,1693813534
150,57,3,1697779475
144,91,4,1628959075
165,108,3,1681453800
109,43,3,1635450999
66,119,4,1646547022
85,59,5,1615290894
155,44,1,1678318541
191,45,4,1605919680
104,46,4,1661067192
42,76,4,1669389473
187,19,3,1601997173
115,89,3,1649093039
11,143,5,1637062457
102,46,4,1616811436
56,29,4,1691796372
10,17,3,1630440386
26,142,4,1617409416
4,48,2,1687660907
20,36,5,1656530718
56,43,4,1612763857
13,53,4,1698712744
162,53,3,1678209320
80,64,4,1619401010
133,2,5,1656732537
52,4,5,1697184305
69,148,4,1613827147
176,118,3,1607871954
8,147,2,1689352998
77,28,3,1635971190
110,143,3,1670714059
161,21,2,1666610178
61,116,4,1653841055
42,47,5,1695597749
176,33,5,1649579324
2,98,5,1620419967
4,15,2,1642171531
141,87,5,1617306121
9,7,4,1650060432
133,127,5,1625921100
13,121,3,1602436706
5,112,2,1655476603
35,66,5,1664502427
192,4,4,1661488670
178,4,3,1688597545
4,21,3,1681286289
12,19,1,1687337205
134,142,3,1638272490
158,68,4,1696744102
128,28,2,1690686384
0,25,3,1653851471
179,134,3,1686864114
84,42,4,1618389826
96,112,4,1637234636
93,39,5,1695959275
42,23,4,1646745408
6,61,1,1657452831
22,137,3,1631360758
64,29,4,1623847299
179,31,5,1634154782
154,105,1,1601459690
88,128,5,1696385744
74,4,2,1629343119
160,23,4,1692972844
173,137,3,1668401599
167,69,3,1625332144
22,94,4,1642166161
78,111,3,1635804269
29,26,4,1659692743
199,106,3,1644524448
127,14,4,1665849103
163,44,3,1689193077
52,24,2,1617277132
186,137,4,1609449794
10,100,4,1687524133
118,108,2,1600932712
56,132,3,1665634704
196,90,4,1665021188
166,3,4,1646639979
91,56,4,1669365150
67,16,4,1635835283
85,36,4,1687480476
79,53,2,1657150097
188,108,4,1610444149
96,87,5,1625003537
80,8,4,1605882998
139,29,5,1604126475
42,0,2,1652671506
34,121,5,1675755826
0,23,4,1681534784
9,45,3,1684226739
14,8,4,1626339738
5,83,5,1698957823
59,100,3,1630774719
182,49,4,1691509509
37,92,4,1632355269
21,136,4,1645273575
11,33,5,1671410673
172,46,3,1630810328
73,92,3,1692171471
111,4,4,1678510165
112,53,4,1683130490
38,69,4,1694060877
95,20,3,1686045731
67,31,5,1660898447
57,125,2,1635297146
103,73,3,1673853660
10,84,1,1668007552
57,133,3,1600669738
96,126,4,1686348159
190,24,2,1688651388
159,40,1,1695965261
70,13,5,1642291451
130,110,3,1600922066
74,109,2,1646480526
51,89,2,1614347483
69,138,4,1683133626
191,98,4,1692912613
171,40,3,1633611470
63,93,5,1602961071
119,111,3,1608268599
188,140,5,1634702734
188,74,3,1687456229
1,77,3,1618382231
64,129,3,1630270581
181,34,4,1617821956
54,43,3,1695542415
194,88,3,1606072408
7,45,4,1606848598
130,32,4,1683369741
60,141,3,1612095667
175,9,3,1673128431
158,21,3,1630915195
79,149,4,1695025066
160,84,4,1638358841
41,123,4,1645154259
108,74,1,1649778919
1,22,3,1631667723
186,75,4,1611368495
92,53,2,1690261470
34,39,3,1630986317
33,115,3,1689335205
18,37,2,1606568603
42,2,4,1629541726
83,13,3,1617929213
109,105,3,1601377049
184,7,3,1645192492
65,41,4,1642778390
107,98,4,1680922537
20,24,4,1654709181
17,3,4,1629135888
187,32,4,1616891146
75,41,4,1644062303
123,140,3,1667726772
137,24,3,1631633255
73,95,3,1673756920
47,11,5,1662774606
4,75,4,1641486876
96,100,4,1647645055
78,62,2,1656948337
33,3,2,1626041778
131,111,2,1649641388
8,10,3,1675485375
192,28,3,1669636138
178,41,3,1671010470
188,92,4,1681761716
99,98,4,1612159556
65,34,4,1648943995
52,43,2,1681916919
96,98,3,1608247050
158,24,5,1674285432
25,34,1,1694904160
182,138,3,1636283733
195,16,4,1605042929
58,49,3,1636896076
130,61,1,1655052169
26,121,5,1659490338
167,25,4,1642448024
135,77,2,1660829547
79,125,3,1614213569
17,81,3,1646682357
52,35,1,1694715224
104,5,4,1607513627
47,120,4,1631375603
187,12,4,1642829361
101,97,3,1654379995
130,72,2,1681721741
20,47,5,1604036170
114,111,2,1664202862
4,14,3,1654759368
191,50,5,1665277895
109,42,5,1693656265
54,75,4,1697735606
176,56,4,1602281959
129,139,3,1683984936
161,9,5,1685903874
119,37,3,1618214814
140,2,3,1609875371
42,17,5,1687080720
0,107,5,1613885250
169,103,4,1644886485
34,72,4,1688072328
59,111,2,1698589833
55,39,2,1657440497
152,62,1,1687861222
101,102,4,1626418220
159,6,3,1635054031
166,66,3,1619447381
93,12,2,1619620041
165,47,4,1693600164
12,77,2,1676792464
136,13,4,1668752960
147,7,2,1674116928
96,141,4,1600399677
20,132,5,1663064612
20,86,4,1676017036
117,66,4,1628260630
140,4,4,1614918259
177,18,3,1678468191
85,108,5,1635185894
89,85,3,1687677924
48,148,4,1662761351
117,1,2,1671142837
103,120,5,1607791811
33,120,3,1683247264
130,133,1,1698308150
1,35,3,1642943843
43,116,5,1698236680
95,103,5,1688248399
56,108,2,1615490171
166,43,5,1658574311
195,119,4,1689678679
70,14,4,1613923404
38,131,4,1649108915
120,98,5,1674129000
139,8,3,1670533719
45,62,2,1673073935
63,98,4,1661843313
122,11,2,1686547951
144,45,4,1655061805
160,120,3,1640951792
177,126,3,1679714203
159,98,4,1672536629
161,90,4,1615349747
19,43,3,1621679535
92,93,2,1669273797
23,117,5,1619906515
172,120,4,1660655700
62,24,3,1606112344
173,132,5,1680848725
159,20,3,1676820111
175,77,3,1633055628
143,148,3,1677870609
114,67,4,1674925088
196,124,5,1621829245
23,147,3,1690533891
72,12,3,1609987373
139,74,2,1604210547
127,16,2,1688117431
168,64,4,1610429836
25,90,4,1656856557
1,106,1,1667820271
147,40,2,1659165312
113,31,3,1601569855
54,146,3,1630881490
28,67,3,1621033611
133,21,3,1622087776
198,109,3,1633168902
10,46,2,1684660224
165,67,4,1694736249
187,67,2,1661103970
198,47,3,1688871939
160,133,1,1692417354
120,45,3,1658340505
104,56,4,1699515507
47,80,4,1656586084
109,143,3,1653689486
0,100,3,1650764020
97,98,4,1629554475
197,86,3,1637623055
182,66,3,1684440454
5,82,1,1668766240
108,25,3,1678564738
155,33,5,1652229879
27,71,4,1681914798
5,32,2,1621622981
162,63,4,1697406674
178,131,3,1672880051
102,6,5,1649792590
168,35,1,1652066994
71,81,5,1622401134
86,48,5,1641224824
127,134,2,1656086840
24,0,3,1617817525
73,15,4,1647385887
10,90,3,1697124507
8,96,2,1608151837
97,37,3,1620909745
98,136,3,1652578021
171,130,3,1621606560
1,34,5,1648782097
177,69,4,1639025279
109,14,4,1666214319
42,55,4,1625266292
4,51,5,1618429273
36,75,5,1686937906
73,134,3,1667181797
162,123,3,1610169098
81,141,3,1621988235
54,35,4,1686299705
198,72,1,1651598401
34,129,5,1632057777
62,138,3,1641114814
84,120,5,1688827939
148,44,3,1684108694
166,65,2,1648501757
90,148,4,1673811503
186,1,3,1675592541
183,104,4,1685404299
57,11,5,1655252840
134,128,4,1624041028
132,121,3,1600999597
85,42,3,1687996433
179,112,5,1665889975
113,125,4,1613946517
131,102,3,1692476718
118,89,4,1615758609
76,142,4,1610280290
151,114,4,1695961864
159,88,5,1659133279
55,81,3,1674213188
188,68,4,1632197155
58,78,3,1683593668
2,118,3,1622738699
172,85,2,1666955170
0,8,4,1674150914
27,116,5,1646094931
158,113,2,1688570743
69,86,3,1660467268
69,23,3,1626109958
122,23,2,1655735918
106,114,3,1698525633
28,15,4,1616101278
147,133,2,1689352390
70,88,2,1654457985
184,19,2,1696860635
136,16,4,1683704236
59,91,1,1634758342
75,116,3,1628788327
109,137,3,1692700930
124,16,3,1699902264
110,82,2,1677874656
58,14,2,1645380052
13,69,2,1630663538
6,26,2,1629320443
195,34,3,1698364026
158,108,5,1629572713
122,42,4,1633856278
1,127,5,1679696161
27,60,4,1641391209
48,54,4,1683111112
87,50,3,1633146794
163,16,4,1690291557
195,62,4,1671354021
118,97,3,1649309396
196,43,3,1658213213
160,33,5,1654901015
196,146,5,1630947031
34,74,3,1637949327
6,3,4,1677425845
104,2,5,1684321050
167,18,2,1626926941
78,33,5,1660127717
10,68,4,1644121138
153,108,5,1606298133
91,11,2,1673411812
82,141,4,1620274033
153,9,4,1631756902
174,3,3,1673012466
30,18,4,1633616301
85,109,4,1671993952
145,89,3,1640583801
190,12,4,1660597319
141,33,4,1689809091
20,56,2,1659918568
3,22,3,1686102723
130,95,3,1612962951
28,91,5,1658911392
28,136,3,1634148464
30,17,2,1640532017
19,30,3,1662517264
104,73,3,1668403774
144,112,4,1673667401
41,69,4,1652882950
198,65,2,1699664174
140,76,3,1670041366
133,111,2,1683544872
154,125,2,1680997715
94,144,4,1639556878
152,116,2,1672764598
30,75,2,1675616153
108,133,2,1614476709
13,95,4,1671383483
154,108,3,1610208988
51,2,2,1624401443
198,68,2,1632485465
125,97,3,1637512547
77,148,4,1692023590
153,141,2,1660374678
163,77,4,1673211390
187,31,4,1673033269
19,31,3,1631865014
62,45,5,1649616797
152,56,4,1619707959
120,20,3,1694081503
1,138,3,1656489472
187,47,5,1686679487
87,94,3,1609707508
97,148,4,1632126685
124,149,5,1643351801
18,125,3,1674389354
83,59,2,1669909876
80,5,4,1677878209
104,77,3,1669589941
113,80,3,1610235584
176,22,5,1691671354
196,34,3,1657778754
69,62,3,1620461909
105,41,4,1635108589
186,93,2,1634722240
88,34,4,1634427674
61,51,1,1698157044
117,104,2,1635777204
162,109,3,1677947050
154,57,3,1612883827
183,66,4,1655069976
162,99,3,1655338944
115,116,4,1648960166
0,32,3,1683230909
62,30,5,1678843051
161,72,3,1626459088
126,52,4,1658975914
99,104,3,1605651754
109,44,4,1629433423
25,15,1,1670384286
38,90,5,1693100520
80,1,3,1612846518
52,54,4,1604951216
13,108,2,1678189452
157,30,3,1655631926
30,22,3,1656791648
108,122,2,1657119548
55,44,2,1642505771
27,17,4,1670487601
95,128,5,1616166808
112,49,5,1662505687
122,22,4,1649206253
147,89,5,1639408159
196,20,4,1669772959
162,147,2,1613439373
107,38,4,1627517332
143,38,4,1605515340
107,10,3,1678436644
90,114,5,1607820993
69,95,4,1688956660
89,40,2,1680682158
130,145,3,1620459718
88,58,3,1659705776
171,17,3,1678715443
12,6,3,1628579693
178,58,4,1670315837
88,68,4,1685091169
179,121,5,1671257368
153,102,3,1625113326
198,69,3,1645393651
2,63,5,1670675861
34,115,3,1657781408
158,17,4,1654933575
29,59,2,1647597550
106,14,4,1693274665
63,1,4,1620851531
77,53,5,1689490974
134,23,4,1692162178
24,129,4,1661226775
26,141,4,1692938560
28,116,4,1622499558
116,49,4,1683930824
44,103,4,1612877982
13,37,4,1660435938
58,87,3,1626581441
120,96,3,1636421876
21,64,5,1614552618
156,75,2,1610377340
41,130,5,1646477454
43,104,2,1666704350
108,145,4,1604976290
108,128,3,1609405436
16,115,2,1607142097
43,43,3,1600589369
148,54,5,1672574787
77,23,3,1618733039
19,90,4,1676237561
83,49,4,1606010048
194,114,2,1643598913
79,21,2,1615010420
74,75,3,1602072048
91,113,3,1672961124
11,47,5,1608505156
180,142,3,1685647562
27,96,3,1652134591
8,92,4,1675005735
160,91,5,1609843448
139,75,4,1675543275
116,89,5,1689818928
73,76,2,1637299347
50,83,5,1698226464
67,121,3,1653829197
31,47,2,1654959748
1,61,5,1696090517
117,2,2,1672092861
155,37,5,1657326144
170,31,5,1673160651
70,58,4,1632373727
113,36,3,1624199997
143,43,4,1629216067
12,86,5,1669019853
133,115,3,1646317442
36,43,4,1648510871
180,61,3,1688002974
166,138,3,1657766626
94,45,2,1653798853
172,123,2,1660166886
50,133,4,1653235322
196,118,2,1636042777
12,49,4,1618213991
135,49,5,1666068478
69,79,2,1629708615
17,117,3,1655341428
78,47,3,1624579288
101,9,5,1689670402
78,103,3,1674461700
157,13,4,1603140767
29,97,4,1698380861
26,64,5,1691285497
88,139,5,1604147981
160,148,5,1694193030
92,45,1,1625000358
194,105,1,1699370229
86,129,5,1687825647
109,23,4,1674300220
198,22,3,1677673806
196,11,5,1625489993
174,71,5,1654798234
69,71,2,1606824570
85,25,3,1697251255
89,10,3,1635842812
98,4,4,1610316408
3,131,3,1624553744
48,38,4,1610228874
139,21,3,1695327000
101,28,3,1660617239
5,76,4,1683851357
62,89,5,1610219652
56,131,4,1610543529
179,100,2,1638525101
24,88,4,1652555373
143,71,4,1631995432
58,141,3,1655316857
42,81,5,1633741924
183,59,5,1648253825
120,47,5,1605711681
42,43,4,1668993402
194,123,3,1686092801
87,147,3,1634104298
152,27,4,1617491984
23,26,4,1659645997
186,128,5,1610314330
116,67,4,1652209488
149,98,3,1648143177
181,13,5,1623834665
113,32,3,1661997389
73,61,3,1652552343
183,45,4,1687313956
23,52,3,1653071115
160,27,4,1645079033
95,86,5,1659616690
81,107,3,1607227594
125,78,3,1671217628
55,3,4,1671486117
55,95,4,1609410537
11,114,4,1645237873
13,46,3,1635338926
89,90,4,1664917246
15,29,3,1632635434
15,8,3,1664132460
63,123,4,1626715468
123,44,3,1613893600
4,109,3,1672861089
31,91,4,1695592031
90,23,5,1633078486
123,79,3,1615703739
178,8,3,1677183145
56,76,1,1638428972
145,139,3,1610468273
40,6,5,1630006875
183,5,4,1669950300
165,102,3,1665987702
133,44,2,1665406580
52,84,2,1695453322
7,21,3,1687566310
128,97,3,1637911407
177,95,3,1609119218
83,45,3,1615358959
111,50,4,1641726869
34,15,4,1642036372
167,75,5,1639741168
137,55,4,1673437440
133,96,4,1670633074
63,144,3,1652374294
160,104,3,1600377485
195,100,4,1636755318
131,40,4,1674365888
118,11,3,1635793889
46,115,4,1654719883
159,21,4,1652562736
38,75,3,1607563740
57,80,4,1604232696
123,37,3,1649820562
4,62,1,1610563206
192,13,4,1607465984
150,59,3,1621202122
87,16,4,1606514242
103,107,3,1655847753
153,144,3,1663374414
46,1,4,1678264370
122,8,5,1670851590
6,60,3,1673734309
4,45,5,1648424350
160,114,2,1670052045
19,143,4,1623851725
8,36,4,1651761505
49,133,4,1613967333
124,51,4,1629347401
124,81,2,1693670231
130,123,2,1604874540
159,116,5,1691977601
42,31,3,1637774905
10,74,3,1601549854
30,23,2,1667381455
37,65,5,1699543388
20,146,5,1623535919
98,148,3,1652328965
178,111,2,1616441414
23,79,3,1637700524
13,47,3,1673348372
192,116,2,1638590356
71,7,4,1612879169
106,59,5,1690818844
122,65,3,1664270749
12,78,3,1614518463
58,132,3,1610834261
145,35,5,1611891578
152,114,2,1693200406
131,22,4,1615887551
47,43,3,1660217931
57,21,4,1687462262
6,75,5,1674597960
178,98,4,1624514487
170,30,5,1685543024
74,40,1,1681214415
71,34,3,1671494073
169,51,2,1625109340
64,94,3,1646323070
80,32,3,1616123198
0,12,2,1686833209
59,143,3,1644464227
109,79,4,1661304023
147,35,2,1613385189
192,37,2,1692936780
166,67,5,1620435050
112,103,5,1671839709
109,5,3,1637046894
104,107,5,1616027814
153,66,3,1608355880
98,85,4,1601703429
33,28,2,1652235674
71,84,2,1678888105
153,119,2,1613368108
94,68,2,1682502730
126,49,4,1618124628
85,148,4,1664212224
116,101,2,1684721368
20,89,2,1697070719
152,111,1,1637654681
168,66,3,1666547369
196,138,4,1643333009
75,61,4,1639639902
165,25,3,1600226845
11,137,5,1672273442
102,47,2,1688021591
30,122,1,1641475795
185,68,3,1610307054
117,106,2,1643471171
90,43,5,1680593131
76,106,3,1669103769
198,108,2,1635098215
139,15,4,1601681025
125,140,4,1682121857
10,76,2,1691033618
155,142,3,1618970989
174,137,4,1601745232
62,82,3,1638285679
104,80,4,1603250814
20,102,5,1643089828
9,85,2,1605728752
117,140,3,1649874370
8,13,5,1651821092
67,36,3,1619724170
113,138,2,1625028861
17,120,5,1638822051
110,90,4,1676541538
196,111,4,1649257249
128,21,3,1623459959
63,78,3,1688251979
85,119,4,1664250475
154,49,3,1624409271
77,58,4,1665646078
54,45,4,1650997186
18,31,2,1658417572
145,14,2,1674164479
58,18,3,1689341692
161,94,4,1620931917
178,30,2,1616777525
16,99,2,1640522769
180,100,4,1653947062
183,84,4,1645037709
27,13,4,1669673614
75,35,2,1641620201
185,67,4,1699469545
198,90,4,1677326647
108,62,2,1611625616
161,13,5,1697802604
101,129,4,1616320967
55,51,3,1665587637
53,85,4,1638968277
0,132,5,1617080402
117,32,3,1688069619
134,141,3,1622274393
83,55,4,1609155552
74,91,3,1624465970
127,71,5,1673399232
157,94,3,1658440642
28,65,3,1681115227
77,2,5,1614184898
11,124,4,1691258810
59,139,3,1609350438
70,0,4,1605464191
91,138,2,1661758258
47,74,3,1623860761
56,110,4,1652049304
42,40,4,1622171087
132,101,5,1641989037
93,30,2,1606175229
126,3,4,1637849163
14,110,3,1657509799
93,17,2,1646940052
137,103,4,1630751529
93,137,2,1613621174
160,20,4,1609455799
130,39,4,1666945517
165,61,3,1636352857
40,101,4,1646605554
70,116,4,1649377908
119,145,3,1659996583
194,45,4,1665568381
163,122,3,1644831049
163,135,3,1608015489
69,98,4,1632225398
191,124,3,1662745830
159,122,2,1665057682
162,2,2,1678114560
80,103,4,1643521020
110,25,2,1637443029
77,16,4,1634734989
83,118,2,1605734805
47,67,2,1687366335
133,51,5,1677995660
13,15,2,1680162212
121,67,2,1644151454
89,69,2,1610445597
98,61,4,1649655258
108,14,1,1665441984
8,50,3,1668644340
71,28,3,1628952132
48,146,4,1697182960
108,138,4,1629998514
121,47,3,1697772194
120,105,3,1667655473
63,59,5,1624926030
31,109,3,1656435214
128,92,4,1654018596
14,122,3,1617945385
118,112,4,1649886076
115,2,3,1609031733
110,65,3,1655383069
85,11,4,1636987870
183,131,5,1684510382
111,143,3,1611959936
36,98,4,1653986234
24,149,5,1626016134
182,137,2,1674154375
107,9,5,1612142852
79,64,4,1646905287
193,101,4,1697132635
169,113,4,1611432298
3,38,3,1697381793
103,83,5,1605317112
14,99,2,1697372034
108,18,2,1631593494
25,72,2,1607669095
59,140,4,1682315070
35,72,5,1677631270
119,57,3,1698158074
133,65,2,1671007095
17,52,4,1682495684
129,132,4,1678629600
12,76,4,1670247304
134,140,3,1629897545
99,96,4,1677261420
102,11,3,1693908015
82,97,3,1604343051
31,7,4,1694784590
8,21,2,1673024018
70,127,3,1672639324
2,66,4,1647540781
80,121,4,1657456936
79,86,3,1698766417
58,110,2,1632431989
3,73,3,1673136855
17,138,3,1615365204
153,71,2,1663084712
6,100,3,1670735431
111,79,4,1643930692
67,17,5,1657822255
134,101,3,1628104153
182,88,2,1629794664
85,135,3,1638821122
157,95,2,1604523468
175,130,4,1689962418
80,82,2,1609900357
107,3,4,1691615845
64,148,4,1685035488
151,53,5,1603336439
194,121,3,1680262400
93,33,4,1665291306
166,53,5,1697086047
48,63,4,1639496125
139,63,4,1640350762
95,79,5,1691060361
18,47,3,1643561931
63,91,4,1623258160
106,62,2,1650863787
109,112,3,1672932666
61,113,3,1681523376
93,136,2,1637796219
107,43,4,1656440410
196,87,5,1672508638
179,101,3,1686911142
15,140,5,1605282496
88,116,3,1637400718
192,15,4,1651406698
54,29,3,1645643941
73,113,3,1633684841
144,14,3,1661596921
140,124,3,1663184191
25,78,5,1633734890
15,104,3,1684898209
139,139,4,1609999741
107,71,4,1630072016
3,146,4,1618275729
162,54,5,1604708394
153,44,3,1611790100
181,84,3,1662175941
104,12,5,1603460808
23,46,3,1652307267
85,13,5,1661596737
117,144,3,1692758592
43,144,4,1609694661
83,95,4,1625680096
168,95,3,1610538293
115,138,4,1660518314
181,71,2,1676826981
79,135,4,1685519597
34,102,5,1642942031
163,35,4,1642727530
34,84,4,1642766905
15,23,3,1692698742
0,56,3,1694101648
84,50,3,1668511304
120,108,2,1678353681
12,50,4,1683133762
7,97,2,1668320096
76,112,3,1691183708
16,22,1,1697159981
140,27,3,1663032011
0,139,4,1652095703
76,140,5,1698671151
199,117,2,1645412371
82,110,4,1626139348
16,31,4,1646374118
56,127,4,1651584487
165,120,5,1690536020
29,1,4,1636315653
30,16,3,1609034032
81,146,3,1648550954
12,60,3,1675290811
9,126,4,1609953057
161,119,4,1611165971
118,67,4,1693250782
28,131,3,1697292984
90,127,5,1676253323
93,41,4,1665904565
23,1,1,1688104007
44,44,3,1630998811
51,74,2,1689412289
40,103,3,1642446973
77,66,4,1624766660
181,101,5,1621285585
129,125,3,1602584683
74,90,1,1649926443
174,66,5,1686864639
77,135,4,1637534972
133,60,4,1656704394
46,133,2,1666786096
93,74,5,1602049602
93,95,3,1646460661
166,146,3,1693482347
144,2,4,1618022069
86,101,5,1641036815
47,20,5,1630377989
123,95,3,1654920241
83,88,3,1614350751
77,19,3,1670449500
66,90,4,1634264469
148,33,2,1610830021
94,41,5,1623654107
83,109,3,1650384283
93,128,4,1605181819
48,76,2,1659597140
134,0,4,1600964956
104,8,5,1652407080
178,108,4,1655439340
176,45,5,1616540592
165,68,3,1662613518
183,138,3,1699721015
110,77,2,1608409922
108,104,2,1621808674
56,7,3,1651443867
190,111,1,1616426326
178,79,4,1641174640
152,141,3,1621014226
28,7,2,1661636091
171,74,2,1678663775
86,19,3,1672465108
198,16,3,1645212276
196,100,3,1670579490
160,87,5,1683182928
55,25,5,1630196891
176,80,4,1624739578
65,23,5,1662890868
176,110,5,1680273054
96,55,3,1636217694
62,43,3,1636369515
150,136,2,1637896353
179,54,4,1636420883
184,63,4,1660149872
85,118,4,1676625593
56,97,3,1649738057
130,99,3,1647394309
62,9,4,1643877260
86,62,4,1646409194
153,106,5,1611418386
116,148,4,1631608997
90,74,2,1684322035
74,58,2,1690664511
25,112,2,1651858627
111,27,2,1641302711
20,98,3,1683555707
86,67,1,1635953623
182,120,4,1644147729
160,18,2,1626609261
65,44,3,1617338771
99,127,3,1643247574
91,9,2,1674392256
10,7,1,1679019003
124,82,4,1677646985
95,85,5,1685836021
122,4,4,1638171108
65,61,4,1687767544
49,13,4,1644411650
187,40,2,1645060318
43,86,4,1684209132
98,44,2,1619040891
8,100,5,1653822697
141,130,4,1602749260
13,36,4,1647852873
194,76,3,1628938917
162,88,3,1638232478
18,75,4,1630600540
173,105,2,1636763805
101,45,2,1620089100
135,20,3,1678660753
19,3,3,1602950121
33,100,3,1628278166
157,90,5,1644990104
109,56,3,1612447235
185,28,3,1640239929
35,74,3,1680063575
69,20,3,1670809929
147,110,4,1622362505
60,125,3,1667054398
83,50,3,1607712199
113,24,3,1619120179
12,106,5,1662920458
63,52,4,1654063926
75,20,4,1677575569
168,1,4,1619613302
20,43,5,1664097288
30,146,4,1601284483
94,118,4,1667316569
66,101,3,1660640043
29,45,4,1640772290
52,128,3,1652019364
86,80,5,1661193223
2,9,5,1695137586
123,33,4,1659987308
71,67,3,1682017197
46,90,4,1651106585
34,71,3,1629515300
99,83,5,1605635257
25,48,3,1643501370
141,136,5,1653238829
65,63,3,1663523849
149,51,3,1671754522
45,17,3,1615246572
106,49,4,1681710672
121,140,3,1641646816
101,88,3,1633845970
198,120,4,1618078596
60,120,3,1615578893
66,142,4,1647996677
9,42,5,1629166666
120,127,5,1692050593
57,44,4,1608391485
135,119,3,1690009105
0,93,3,1682246652
85,83,4,1683912296
188,66,4,1658025754
182,139,4,1669219529
157,2,5,1662782384
166,70,3,1617356597
137,71,5,1688848240
89,148,4,1636028433
198,75,2,1607236626
114,62,3,1682109868
157,110,5,1683215335
19,48,3,1652452528
88,78,4,1673268104
110,23,3,1607273721
121,19,3,1627539791
82,49,4,1663773929
58,135,3,1612352047
2,110,4,1624164645
108,55,3,1638095512
191,117,4,1686209871
115,93,5,1614704503
160,132,3,1675177184
155,90,3,1692531278
90,17,5,1655730804
83,28,4,1663911785
114,94,3,1668864919
170,137,4,1604322488
90,122,3,1698931631
176,82,3,1615094241
76,52,4,1605460186
12,115,5,1669017068
51,107,3,1607442731
146,47,4,1601406312
23,41,5,1667185350
195,76,4,1617199667
109,11,4,1680556637
160,39,2,1639301626
155,105,2,1615917843
198,86,2,1655052665
109,67,3,1610354304
23,20,3,1645569485
64,121,4,1674944082
116,17,3,1621865773
196,81,5,1633332690
106,121,3,1684907591
90,11,4,1624096570
64,7,3,1625770673
104,114,3,1686040192
31,134,4,1616789251
164,82,4,1666236054
148,39,3,1675145709
68,85,4,1670614813
127,6,4,1618329685
55,98,5,1650179242
121,15,4,1690350856
69,59,4,1699894642
7,141,2,1635251280
165,124,3,1663529869
14,112,4,1611794183
141,142,3,1695005049
119,44,2,1684108110
14,96,3,1667222212
181,4,5,1655189075
123,56,4,1646920456
155,23,4,1649558772
89,33,4,1624210643
155,116,5,1635950575
174,83,4,1652923259
147,14,3,1663484304
46,54,4,1626982063
128,87,4,1623055951
170,43,3,1668366772
122,61,4,1659368047
26,123,4,1692675251
11,29,5,1612347915
164,62,1,1641031206
70,90,4,1615246428
58,56,2,1612768048
28,17,2,1624245909
115,76,2,1650805736
163,145,4,1633917314
138,50,4,1651783945
56,105,4,1651495620
34,27,3,1638061358
96,77,4,1690014923
122,37,2,1613107302
61,69,1,1695777873
89,70,4,1647378305
26,66,5,1631464295
37,1,5,1621216378
88,96,5,1674054900
187,87,5,1618387380
37,56,5,1667933844
40,10,2,1671716464
88,142,5,1611146327
57,79,4,1641295854
7,31,2,1638621887
138,118,4,1616812891
59,141,2,1665691941
6,140,4,1682316876
71,17,4,1623205788
4,98,3,1669547587
47,53,3,1660275837
89,141,4,1675889859
134,91,4,1646905988
181,61,3,1682066798
31,71,2,1688929483
95,67,4,1647003382
120,148,4,1600446778
127,80,3,1663234519
101,130,3,1613925338
19,118,3,1659430221
3,117,4,1697269772
113,59,2,1647511170
98,120,3,1669841762
193,141,3,1675148539
66,27,3,1658207906
34,145,4,1676823392
71,75,3,1663625875
14,136,2,1665663576
93,18,3,1613201174
172,133,2,1608460831
39,0,4,1699748515
79,11,4,1687339744
82,42,3,1641442613
62,66,4,1628668250
193,70,3,1636980335
194,3,3,1607082952
130,0,4,1613713417
133,19,2,1632748505
1,48,4,1609198797
118,10,2,1631976851
154,144,2,1636357791
173,29,4,1627027523
82,2,3,1644574099
26,69,4,1657318767
1,23,4,1639713113
5,115,3,1666012115
102,82,3,1675792214
103,1,4,1679825768
10,135,3,1677702105
107,56,3,1613895466
139,12,3,1692346932
178,34,2,1699358360
23,83,3,1669433649
21,148,4,1635705209
143,26,5,1656056343
198,101,2,1645552366
162,58,5,1674273142
100,108,3,1665740004
5,142,2,1698126685
77,120,5,1634522291
173,73,3,1603365555
137,20,3,1639932769
107,117,4,1620258922
49,125,3,1636967368
193,110,3,1656003880
8,137,4,1636401416
90,95,3,1670641227
18,97,4,1616383349
11,106,4,1617537975
0,16,4,1658285440
1,131,4,1670699918
117,122,1,1634205427
26,40,2,1661665832
143,84,3,1621280958
123,135,2,1612200834
64,4,3,1644952856
82,101,3,1616463496
194,142,3,1607723185
0,57,3,1650969683
120,13,3,1695795808
31,99,2,1628832548
147,139,3,1673293654
71,41,5,1636371554
118,64,3,1636597569
92,137,3,1600821888
26,116,4,1609264436
9,44,2,1613346091
158,45,4,1682892757
121,1,2,1642904079
161,117,2,1697292041
61,147,2,1624797931
76,40,5,1627458433
47,10,3,1615609608
163,147,3,1678116341
54,101,3,1699495956
116,22,4,1680451323
78,58,4,1658719892
191,102,5,1637302664
190,125,1,1636452463
62,94,4,1606077687
145,78,3,1663316401
53,69,5,1691709735
100,51,5,1632428743
37,122,4,1695933857
70,114,2,1682280426
47,18,4,1649442024
134,133,2,1654005936
92,103,4,1678822692
164,3,3,1609972530
115,112,4,1666676564
88,140,4,1621804602
52,20,1,1625716251
185,39,3,1680950867
10,72,3,1683955364
147,43,3,1683275640
177,26,3,1667631476
144,90,4,1682420605
198,106,4,1611469390
18,41,4,1668524407
94,113,4,1612270413
190,2,2,1625431587
132,103,3,1682423853
37,118,5,1618936116
47,70,4,1657856360
125,2,4,1627461379
31,28,3,1650504290
68,11,4,1629667348
4,131,3,1629119349
42,66,3,1676407310
79,49,4,1694040474
57,69,3,1631435884
62,48,3,1692908937
132,65,4,1659621114
110,149,4,1614989683
10,94,2,1600196151
28,25,4,1615780010
43,33,4,1671959203
186,120,4,1697719191
121,119,3,1686619742
10,89,5,1680485623
69,122,2,1696804951
79,82,2,1656249617
115,35,4,1694149016
153,51,3,1610902808
155,141,4,1661277769
56,49,4,1689359091
196,47,5,1668531334
85,100,4,1696950091
124,53,3,1602594923
89,29,4,1624647776
158,127,1,1696930333
145,140,4,1608315538
77,89,3,1651646229
51,79,2,1604540257
158,55,4,1608677313
199,18,2,1622425739
187,28,4,1679013833
104,30,5,1651286530
96,91,4,1659998587
29,115,4,1640276682
104,23,4,1682828081
123,84,1,1635614822
178,27,2,1639624803
195,10,4,1656521210
44,116,5,1605396025
61,87,4,1610090682
118,85,2,1637745644
45,143,4,1659865977
195,8,5,1645975542
65,81,5,1601110748
135,43,3,1612020198
57,130,5,1627704234
140,42,5,1625171988
62,1,3,1676725671
6,133,1,1656938151
174,73,3,1610215908
166,75,4,1648436021
24,10,2,1697254327
30,91,3,1637397470
101,6,4,1693778956
173,24,3,1666705208
184,139,3,1620703906
108,60,3,1675105005
78,112,3,1619115568
122,0,3,1640962286
77,35,3,1689329093
132,45,1,1620840075
106,63,2,1633817646
61,57,4,1611811849
116,30,5,1612285172
29,99,3,1668263135
39,15,4,1623003942
86,82,5,1620674919
120,57,3,1606354600
34,112,5,1638538391
194,33,4,1668486303
80,50,5,1619517555
62,2,3,1635085352
83,46,4,1620309891
84,27,3,1609904469
160,143,4,1690451399
25,61,5,1633196597
103,104,4,1697619449
132,110,3,1677663506
162,47,4,1611486202
87,19,1,1660719835
38,100,3,1637693660
12,90,5,1622712042
110,142,3,1647874912
53,80,5,1676859009
93,63,3,1624251645
87,122,2,1629156702
9,10,2,1654955111
120,27,4,1621524782
73,45,3,1644051156
58,116,3,1685324846
20,5,3,1687324735
42,12,4,1644821027
194,102,4,1686157012
138,42,4,1609702197
43,121,4,1622804305
52,138,3,1609695949
71,0,3,1688505484
42,26,4,1649149898
134,74,2,1683495330
149,31,3,1650016239
182,129,3,1688830104
86,108,5,1644247408
25,43,2,1642033283
141,78,4,1682076853
93,138,2,1603308754
182,107,4,1615428503
63,147,3,1621501706
193,99,5,1668726252
11,148,4,1672518424
34,2,3,1694199946
41,141,3,1653899231
14,39,2,1684542710
109,81,5,1608362615
52,90,4,1608134823
162,128,4,1624832764
99,97,3,1691875963
89,138,3,1635837640
14,31,5,1627623230
34,113,3,1600044927
107,2,3,1654152604
15,145,3,1676212376
58,11,3,1693852983
174,64,4,1657139453
31,36,3,1681859301
80,30,5,1603668244
62,20,4,1655884752
192,34,2,1695271214
181,21,3,1636667212
166,32,3,1617468227
107,138,4,1645199107
112,92,3,1605843157
95,56,5,1601502371
97,116,4,1620377497
59,49,3,1661385309
123,116,2,1602030328
8,98,4,1607475588
61,62,3,1648125141
89,94,2,1659673875
198,27,3,1631283257
97,8,4,1667901036
159,110,5,1663526665
118,43,3,1605993476
190,65,2,1695456008
87,81,4,1627514568
140,52,5,1630288012
7,131,4,1633964370
10,12,4,1688846739
192,145,4,1688523645
141,135,4,1621819877
94,143,5,1616291943
26,117,3,1639257166
94,59,1,1630597805
137,17,3,1669826162
63,101,5,1606630039
118,72,3,1635171217
199,60,4,1612652192
165,110,2,1695070093
30,97,4,1678579553
138,60,4,1684506853
26,57,3,1692551042
111,94,2,1642959496
96,106,3,1653102278
92,25,4,1681532054
10,103,2,1610766608
76,14,2,1655139552
135,36,3,1615793289
0,52,3,1655680254
190,34,2,1670010718
192,90,4,1675494186
4,108,2,1687201183
113,61,4,1663970106
4,122,3,1643981568
152,108,1,1651483913
14,107,2,1663726495
194,15,2,1670194030
96,137,4,1689371905
3,92,3,1657955313
8,123,2,1655695598
8,102,5,1669252395
37,50,5,1635085480
22,44,3,1614308261
110,70,3,1683875806
183,61,2,1601913267
116,147,4,1687239099
7,57,3,1673007146
174,110,4,1638526365
21,20,5,1675886747
148,62,3,1658819860
33,146,3,1682902966
143,9,4,1605090821
130,21,2,1641187082
114,104,3,1636143246
95,33,5,1656963426
153,8,4,1659572842
144,115,4,1657448097
115,67,2,1655222874
106,71,5,1679931543
106,58,2,1633568549
174,4,5,1665403705
14,92,3,1638584822
0,21,2,1660394429
16,129,4,1661147669
47,139,3,1696351286
79,36,3,1626169237
153,40,3,1633262244
189,56,4,1672337536
134,72,2,1696079305
188,143,4,1672304746
71,125,4,1687145423
56,26,3,1658315790
143,90,4,1656603869
62,85,3,1655017008
128,131,3,1627073194
181,83,5,1655742589
48,59,4,1600666132
23,125,4,1621532808
25,74,4,1648200209
118,79,4,1664148475
65,102,5,1698151259
3,30,4,1619561363
18,27,4,1648102772
61,1,3,1601401514
39,89,3,1679113233
91,47,5,1660313248
47,106,4,1616890409
80,134,4,1661485905
14,146,5,1691818689
106,47,5,1668369153
195,19,5,1664651793
132,66,3,1653660218
73,111,3,1671071906
11,53,4,1610625601
46,99,4,1662757784
142,43,5,1602172333
155,143,3,1618543505
26,50,5,1618857210
104,100,4,1680886133
3,1,3,1692103666
49,131,3,1651540145
185,121,4,1638062319
92,108,2,1653178474
109,118,4,1696464188
40,86,3,1639741807
42,29,4,1646838313
59,8,5,1620136585
120,43,4,1675451794
179,8,5,1611777296
3,9,5,1681768957
47,96,3,1687965668
88,31,4,1673331502
51,132,4,1695101464
28,47,3,1656099255
190,81,2,1663528028
129,69,4,1603008258
46,42,5,1699629109
88,113,3,1675935106
166,137,2,1672201825
133,90,3,1616139438
24,23,5,1607854373
145,25,3,1632328421
39,69,4,1677617836
33,56,2,1635997702
53,8,5,1653035610
5,8,3,1693976121
90,92,4,1638141232
63,88,5,1621629990
154,16,3,1677106547
127,49,4,1657817331
59,33,4,1660615182
133,102,4,1619159136
115,18,4,1615189839
55,94,3,1638306766
157,141,4,1622599863
177,115,5,1621553975
140,140,5,1650578540
22,131,3,1644535695
81,116,3,1630650099
1,142,3,1697748561
163,41,5,1659926973
61,132,4,1672102383
95,66,5,1698851863
66,64,4,1638116353
60,135,4,1624359777
158,97,5,1609534125
73,74,1,1631171421
107,28,4,1685668446
183,119,4,1661139879
94,5,5,1610545293
18,82,3,1655312284
52,95,2,1695965454
115,58,2,1601804164
107,95,4,1626854968
30,10,3,1695973924
178,101,4,1664432628
6,69,5,1615195103
134,9,3,1661842113
182,95,2,1645087900
71,97,2,1679822541
118,66,3,1657872969
83,25,4,1686643851
185,99,2,1651662921
88,11,5,1639272340
104,128,5,1666183642
120,149,4,1611249475
22,113,4,1650826678
9,61,2,1661166733
74,124,3,1663576848
76,109,3,1630762158
168,82,3,1609347944
106,145,3,1656443311
96,139,4,1655283553
171,146,4,1679942977
104,63,2,1618032791
138,19,2,1613360150
75,131,2,1683226670
89,26,4,1675605963
168,14,1,1680795857
118,90,2,1621906656
188,65,5,1695431457
12,52,1,1693572209
2,76,2,1698281871
20,119,4,1696754722
158,100,3,1693580473
170,36,2,1641271502
149,141,2,1629312057
124,56,4,1646556039
174,5,3,1698025699
6,129,5,1696403224
8,135,4,1613101882
31,22,3,1685816024
111,104,3,1639345832
83,112,4,1686544313
77,37,4,1609909698
158,7,3,1651683864
82,124,3,1697881497
85,9,4,1645609872
102,34,4,1653847617
1,80,4,1656206516
24,82,3,1631899420
59,112,3,1665099821
154,130,3,1623215452
96,52,5,1621849805
30,81,5,1645471230
186,80,5,1666248497
14,43,3,1649978800
82,25,2,1621993030
79,74,3,1626133396
27,134,4,1607782890
94,25,4,1613763182
152,130,4,1687105812
80,138,4,1647180930
64,77,4,1655079842
122,74,4,1654207845
63,136,4,1662584705
2,84,3,1630092798
134,54,3,1629051201
31,144,3,1622689314
70,62,4,1653329864
68,15,3,1607923727
123,65,2,1653485985
82,56,4,1623977894
101,136,3,1634691549
42,115,5,1608125673
84,22,2,1631447975
104,116,4,1614985078
193,32,3,1617304548
60,54,3,1612129744
50,115,5,1694944508
147,52,2,1664187418
108,119,2,1626276199
58,52,3,1657510362
74,66,3,1633789286
150,16,3,1688186007
193,79,3,1667359823
96,1,3,1651287019
133,36,2,1616948145
198,102,1,1699903843
191,149,4,1615468613
166,145,4,1614271283
177,149,4,1638000276
134,146,3,1698166371
43,53,3,1691049352
11,118,5,1647418859
181,72,4,1699039307
62,26,3,1680465241
61,21,4,1641869876
179,84,3,1657936254
190,87,4,1636121644
155,133,2,1685011329
185,44,3,1681101211
49,9,5,1651191313
60,92,3,1645772244
165,55,2,1695519598
96,10,3,1669471494
83,143,3,1629237313
94,135,3,1639744727
120,38,5,1613723547
94,139,4,1696893830
151,133,1,1680139007
70,41,4,1679569493
116,96,3,1662795223
158,58,4,1675483823
20,69,5,1674203881
37,149,5,1611888977
141,101,4,1672321533
89,140,3,1666993970
59,83,5,1610637424
70,115,4,1683237504
163,142,3,1615837644
180,72,4,1642243842
130,107,4,1633849496
181,2,3,1615031282
104,68,5,1618874265
59,123,3,1637092624
29,100,4,1675995257
2,54,3,1609326816
130,71,2,1653393928
54,31,4,1661918799
83,11,2,1613910044
0,40,3,1666129765
125,87,3,1634999530
163,93,3,1636728682
175,44,2,1643951806
128,7,4,1670759992
116,45,5,1699610524
196,67,2,1677213432
123,128,3,1636259598
98,19,2,1617690317
81,27,2,1644912730
35,55,4,1664050851
93,71,5,1632063677
91,97,3,1624976136
123,0,3,1642981222
110,85,3,1665642568
181,46,4,1684032137
55,91,4,1608986337
190,94,2,1644025222
62,110,3,1638286425
147,147,3,1662441388
146,94,2,1668756576
14,126,4,1604755996
85,31,4,1669742285
134,82,4,1691613114
62,108,4,1637137348
8,111,3,1647516546
8,133,2,1641846712
58,96,2,1663311443
82,11,5,1699486846
186,144,4,1602100175
0,33,5,1622945372
153,25,2,1699477075
66,147,4,1652581604
176,84,4,1661826425
71,80,5,1662024063
158,73,3,1666624094
62,6,4,1672325028
6,73,3,1627113635
168,114,3,1658480099
66,11,3,1630707450
174,75,3,1697430768
79,146,2,1668451551
76,36,4,1630677681
194,144,3,1622198932
172,77,2,1600870197
165,113,4,1628476379
8,104,3,1608458945
148,104,3,1665662078
108,144,3,1639805613
77,78,4,1671435052
160,30,4,1611850270
14,28,3,1675822059
133,32,4,1666239670
187,135,3,1615451545
155,62,2,1649433642
55,142,3,1685696205
135,107,3,1678112143
186,125,3,1694624734
72,59,3,1653313774
95,45,4,1606660623
67,92,4,1667008379
19,132,4,1637374960
82,72,3,1677734995
194,12,4,1626534421
80,113,5,1615681014
114,22,4,1677851903
101,26,3,1603435145
96,35,4,1699744158
108,54,3,1657167898
130,58,2,1652083724
0,10,3,1691697899
185,97,3,1692259042
121,141,2,1633831547
78,19,3,1685248047
79,131,4,1628145440
191,11,4,1641890543
150,87,4,1629861475
120,62,2,1601037784
78,88,3,1695641395
1,9,3,1640846370
40,42,5,1652716202
197,21,4,1656220384
55,76,2,1638085594
40,143,4,1627249949
42,77,2,1684073791
170,13,3,1600848864
22,77,3,1663560835
115,62,1,1657114636
148,29,3,1679661533
161,30,3,1697177561
148,141,4,1609539502
82,86,3,1634188549
47,27,3,1674251498
2,135,5,1634050053
31,113,4,1692474077
25,107,3,1679821386
32,76,2,1644304206
107,140,4,1665247655
84,51,4,1696086242
1,47,2,1641913242
59,77,4,1628591138
171,137,4,1659516003
163,10,3,1667050012
96,0,3,1666282094
47,21,3,1621773339
154,137,2,1668861763
18,16,3,1639199096
26,120,4,1636794454
158,16,4,1620972756
180,48,4,1671993601
23,116,3,1626437338
183,34,3,1608439043
38,92,2,1652444552
19,29,3,1626126134
150,134,4,1661845166
83,106,3,1619759695
127,17,2,1640875285
155,144,4,1606863262
27,2,5,1674754164
195,38,4,1639233368
119,86,4,1624403353
110,78,3,1681843998
90,96,4,1646002947
11,141,4,1672448607
55,48,3,1611807389
108,127,5,1640057330
167,60,4,1609409476
1,98,4,1610664851
17,28,3,1663959050
79,19,2,1675650949
63,141,4,1658886598
130,134,3,1616264681
47,124,4,1620260347
189,136,5,1635496206
174,28,3,1634060746
63,109,3,1677424109
67,66,4,1612913970
88,79,4,1646260711
70,136,5,1645891953
127,89,4,1694268905
158,10,3,1645011326
147,90,4,1629765479
110,118,2,1688363136
63,125,3,1627316877
86,1,3,1647254991
55,137,4,1601901299
157,82,3,1674004843
8,77,2,1675191618
22,41,4,1603302295
81,125,1,1603156802
185,146,4,1620178220
61,5,4,1624587644
51,95,2,1693983488
36,134,4,1679410115
162,30,5,1610068292
134,134,3,1650480859
90,26,4,1669095447
39,33,4,1695140773
96,43,4,1643072227
123,47,4,1607561632
136,149,5,1646441367
181,135,4,1660792149
186,55,2,1668868412
195,58,3,1645146853
26,32,3,1662745465
66,131,3,1624394176
127,110,4,1666817927
55,52,5,1644540712
18,56,4,1690085747
123,134,3,1695027358
133,142,2,1603885850
4,65,2,1665129482
135,29,4,1639575316
169,96,3,1684672033
90,36,4,1626675380
42,72,4,1695409152
143,46,4,1603045523
8,53,1,1698150874
25,65,3,1681489076
92,102,3,1675453938
96,6,4,1694982548
157,8,5,1618640442
163,83,4,1627374863
57,82,3,1695352081
40,98,5,1669109161
60,23,2,1615993776
89,125,3,1661541689
88,130,5,1670691221
54,98,5,1619865084
110,57,2,1637907027
153,97,4,1617402198
17,4,3,1694993224
196,120,4,1610273556
134,120,5,1651576534
21,19,2,1675508816
9,48,4,1600458926
12,58,2,1601110794
141,71,3,1618185587
118,92,4,1667818300
46,132,3,1657895139
160,45,4,1674188623
166,148,2,1696504235
123,49,3,1639128781
159,142,3,1678362035
139,72,4,1615711219
153,78,3,1618602582
152,109,3,1664033117
97,65,3,1619424529
181,3,3,1693148823
51,92,3,1623315115
11,17,4,1666641355
174,115,5,1617501166
17,8,4,1646382254
47,111,3,1670367544
1,70,4,1683488556
67,70,5,1609854017
92,55,2,1678411360
198,62,3,1676070719
183,40,3,1691262258
159,69,3,1674957903
90,145,4,1667388866
152,67,4,1637054248
43,35,3,1685325262
115,29,4,1649780495
7,147,3,1621015660
142,148,3,1661971430
117,25,2,1626868156
174,120,4,1634002788
91,116,4,1684563017
32,64,4,1686632041
0,142,4,1679226996
21,0,3,1688265551
0,49,4,1650245741
18,68,5,1668757054
196,74,4,1605377568
104,54,4,1617206618
85,106,4,1690193911
79,44,5,1623382932
27,42,3,1660626619
151,134,4,1639996820
52,122,1,1655316403
85,30,2,1643228601
3,66,4,1638543467
24,24,3,1656298398
0,54,3,1679324148
70,73,5,1647343409
178,24,3,1626730615
33,25,2,1633572031
50,146,2,1687342114
71,53,3,1604768161
63,14,3,1665180287
126,149,5,1618611829
52,94,3,1628628333
27,37,5,1646150847
140,88,3,1617691186
0,0,4,1683296859
78,121,3,1667525005
93,116,4,1606762886
119,138,1,1682170708
7,118,2,1619951323
5,55,3,1670644146
42,84,3,1663409859
123,29,3,1604735523
2,95,4,1622483524
177,124,4,1614896125
94,91,4,1647123581
100,63,4,1666134847
180,33,4,1646371875
25,2,5,1685517314
106,3,3,1683952254
31,54,4,1616588164
13,48,4,1694376423
157,23,4,1691822667
11,41,5,1671212537
129,10,4,1606360254
167,37,3,1609036583
197,69,4,1669661603
178,97,3,1694152747
79,33,4,1635737720
148,32,5,1621896047
165,136,4,1670899689
128,93,3,1643386164
163,112,4,1691596829
132,11,3,1630386933
53,64,5,1629727752
98,53,3,1637875283
146,89,3,1682651719
46,20,2,1600007336
14,51,5,1696284433
155,103,2,1624959866
59,128,3,1638216679
123,34,2,1638056928
79,91,4,1684511881
183,67,3,1661340553
52,113,1,1681699562
108,136,4,1669130747
21,66,4,1686458738
125,33,3,1669125103
178,9,4,1669089054
154,104,4,1623740304
87,75,4,1626477420
7,55,3,1616681148
78,136,3,1658831826
127,51,5,1640421831
180,49,4,1638995461
1,99,3,1620072180
65,123,4,1632445801
31,55,4,1602281019
28,110,3,1675085316
86,76,5,1682661394
176,134,4,1616790643
95,49,5,1696677299
55,34,3,1648933589
79,106,3,1649391319
3,2,4,1600956589
97,29,4,1607891831
169,27,4,1652306469
139,120,4,1669973926
62,47,3,1696261419
144,13,5,1620141447
164,31,5,1658366543
2,40,3,1697383713
107,54,4,1603889832
171,103,5,1669088383
194,147,3,1602160600
59,74,2,1626069808
171,47,1,1669028860
62,146,4,1681740895
0,127,4,1698635071
9,140,5,1615446079
82,19,2,1649636646
157,118,4,1651667481
112,57,4,1682844428
194,97,5,1602214624
158,86,4,1671026898
153,49,4,1659683872
15,72,2,1682884169
3,140,3,1679998145
194,72,2,1644034842
104,27,5,1675513591
62,74,2,1612845234
176,57,4,1638303392
187,134,3,1617039888
180,12,3,1680800260
96,61,5,1640420023
96,113,3,1642161953
166,10,3,1625609526
62,7,3,1681709521
68,33,5,1642553465
145,44,4,1613947737
58,71,2,1613656709
63,105,4,1659408710
174,133,3,1605874485
178,37,4,1678339078
63,10,2,1631382648
3,81,4,1637452147
88,132,5,1696050820
62,40,3,1674442960
109,140,3,1634364431
104,24,4,1670965236
22,37,3,1612271272
93,2,4,1623992481
113,75,3,1675797240
41,24,3,1603840202
164,69,5,1655769732
160,55,5,1609967827
21,113,5,1604357650
73,131,2,1629010235
7,9,4,1631912518
182,38,4,1671831301
56,136,4,1613943295
13,94,4,1674350193
25,17,4,1621016027
11,21,3,1699646331
21,70,4,1673096269
53,105,3,1620272909
152,57,3,1650731136
186,83,4,1632806148
74,137,4,1615469965
5,109,2,1689051269
88,21,4,1684556594
109,109,3,1665509834
78,116,4,1612634820
41,142,3,1687561859
120,41,5,1637094300
181,147,3,1613033761
96,78,4,1601519159
106,106,5,1609096268
23,39,5,1635504014
117,109,1,1658751916
104,146,4,1656883925
139,114,2,1678113034
188,146,5,1611112124
23,139,2,1624039698
58,72,3,1663373264
108,135,2,1676195595
26,71,4,1630733124
192,18,5,1644957668
110,14,2,1623955250
0,38,3,1600993870
156,136,3,1678508796
164,91,3,1673219467
124,80,3,1640171273
35,86,5,1652300900
108,98,2,1675184003
181,38,4,1680491330
110,97,3,1669456299
33,71,4,1640338779
161,89,2,1653574640
120,63,4,1630183024
108,3,5,1691038155
59,1,5,1657501631
12,128,4,1691586191
116,75,3,1669233255
158,57,4,1615028569
8,47,4,1601906062
120,121,4,1656644270
71,149,4,1633720615
99,143,2,1696826737
124,94,2,1699498975
131,116,3,1672576683
7,91,3,1655968152
163,40,4,1629076396
5,78,2,1696084111
88,134,4,1643148387
103,58,5,1650848464
7,36,3,1669624818
134,47,3,1619551042
15,52,3,1632568952
66,45,2,1655727256
130,101,5,1629210333
55,96,3,1639940846
88,103,4,1678693303
199,99,5,1674570988
102,105,3,1620141148
4,138,2,1690295843
79,24,3,1698199820
158,130,5,1636892949
149,100,2,1687132826
8,68,5,1610709005
127,128,4,1693271989
181,40,3,1645387011
101,148,3,1660282945
75,50,3,1619983514
160,82,3,1627615719
12,82,2,1695583704
70,57,4,1667853086
187,97,3,1612422803
171,138,4,1628774190
89,67,4,1606245102
194,35,3,1693170636
182,20,3,1627501319
96,125,4,1689306167
198,67,3,1689187046
61,36,4,1612697634
35,118,5,1672628644
39,16,3,1652889798
49,96,4,1671609412
155,16,2,1634943411
101,4,2,1632985127
189,110,4,1638474301
14,11,4,1682626196
95,5,4,1654636125
104,62,2,1688782181
26,125,4,1655382006
99,55,4,1622558459
0,118,3,1693035729
141,61,4,1674003032
70,130,5,1671201477
30,46,3,1671289514
119,15,2,1650817327
142,121,4,1677199623
19,93,3,1612644409
53,7,3,1619020437
135,28,3,1661351685
103,25,1,1647756252
180,4,4,1625591689
111,8,4,1687814954
78,95,4,1650541495
137,85,4,1601055734
58,127,3,1667620216
108,56,2,1691765568
164,63,4,1637013190
117,45,2,1655233156
151,27,3,1645513490
62,57,3,1642397359
8,141,3,1615167385
25,133,3,1632326035
130,130,4,1670593327
193,39,5,1696253281
34,122,1,1614730330
125,0,3,1657113954
13,63,4,1662527152
106,131,4,1627108436
68,66,4,1694122328
130,51,3,1621454761
157,25,2,1649270293
115,30,2,1648744636
88,102,3,1653004805
77,128,4,1647911822
8,82,2,1688356668
28,104,3,1667424106
115,122,2,1659773863
130,47,2,1664022634
18,64,4,1689087229
48,60,4,1675663447
107,96,3,1663193829
164,113,5,1688541871
13,5,5,1660483909
120,123,3,1649010474
75,104,3,1658395540
86,56,5,1622070964
10,130,4,1629834549
175,93,4,1650385518
63,131,5,1688631123
166,79,4,1675615684
20,58,3,1690479287
127,46,5,1628084060
58,30,3,1605362394
26,16,3,1669518663
89,75,3,1623314655
102,93,4,1616189763
90,126,5,1649533492
145,33,5,1636767710
31,53,3,1606661141
122,17,3,1690895737
10,47,3,1657010068
194,96,3,1656594382
43,37,2,1632848806
153,46,2,1661172542
130,108,3,1627933374
89,84,3,1698242077
114,52,5,1615712653
148,144,2,1648691562
115,73,3,1669979072
58,86,3,1687120397
71,121,4,1638072616
129,44,3,1643711606
21,127,5,1655847138
71,61,5,1661001246
55,115,3,1648833621
178,22,3,1676817852
178,72,3,1618506519
147,0,2,1632028748
125,132,4,1640771628
136,55,4,1640507007
89,147,3,1615688488
189,143,5,1614463265
106,146,3,1645695046
172,2,5,1660570880
153,62,2,1672203339
122,93,3,1644310725
14,75,5,1634669700
49,92,3,1685965479
42,135,4,1638209563
163,66,3,1670544751
70,75,3,1698379017
84,29,4,1697189704
186,35,1,1643819724
71,124,4,1688418531
107,39,4,1669037994
2,31,5,1661935174
183,77,3,1607114576
83,14,3,1600732969
92,39,2,1643167931
91,70,5,1695765874
20,88,2,1622490767
151,88,4,1692877416
28,74,3,1648815378
181,126,4,1632836313
28,121,4,1693530114
139,119,4,1685536380
62,32,5,1638225603
61,28,2,1636103393
127,144,4,1621570529
44,77,3,1688388727
149,46,3,1653051749
48,6,4,1644316101
58,28,2,1667129482
164,87,3,1687555240
27,34,4,1672674716
89,144,4,1605539400
195,118,4,1639415913
198,81,3,1628734446
110,54,3,1650377957
68,131,3,1650288891
38,25,2,1696842898
81,33,3,1604060128
73,78,3,1607403714
21,25,3,1644463742
155,94,4,1658215410
153,47,5,1663688950
181,73,5,1688702728
107,4,4,1634516287
155,50,3,1699244589
191,63,3,1677886908
164,41,4,1626789314
30,144,4,1673189943
130,53,3,1686889941
4,9,2,1634269292
85,138,3,1681039041
190,10,2,1642068921
142,45,3,1645346739
163,21,2,1604032528
170,67,4,1629887269
25,145,3,1626022266
188,62,2,1686880626
70,97,5,1623681321
121,124,4,1685791990
8,99,4,1611949572
146,136,5,1604217948
62,105,4,1618449825
89,83,4,1605492482
69,26,4,1653842141
134,145,3,1699835724
20,92,2,1659394580
98,8,4,1637127303
62,81,4,1637363649
147,83,4,1638466147
113,5,5,1628721473
194,60,4,1656191795
198,134,2,1625702477
108,124,2,1670647426
11,80,5,1668449452
82,107,3,1657942859
133,93,2,1629548620
10,5,3,1664443472
2,13,3,1654888747
110,18,1,1672995527
198,37,3,1615561957
58,6,4,1633303231
13,78,4,1619610005
183,63,3,1604315698
124,39,5,1600520547
88,66,4,1687548995
75,147,2,1688389326
148,147,2,1619000107
1,76,1,1675862863
188,60,4,1684682262
105,94,3,1658385409
166,128,3,1624454982
80,12,4,1676531981
38,123,5,1667413672
8,136,5,1607069581
66,81,4,1634139329
17,95,3,1636041083
122,85,3,1692615437
47,64,5,1676697627
43,108,4,1612123696
109,87,4,1662012112
26,83,4,1666146990
160,29,4,1653382536
63,83,4,1685665133
147,23,2,1650484961
108,96,1,1674093461
141,97,3,1621729390
186,85,4,1656159572
81,97,4,1636632549
66,68,3,1688713125
8,28,5,1661382112
62,22,4,1679749972
48,143,4,1607641184
74,74,1,1652272850
198,38,3,1602448371
2,121,4,1641513413
117,22,3,1660835170
11,35,5,1691037416
116,18,3,1640198089
33,94,2,1665364637
2,34,3,1680891185
90,53,5,1662883440
85,22,3,1642264005
167,7,3,1624674208
86,107,5,1635027216
166,144,3,1650641443
166,52,4,1634166870
83,52,4,1639092023
66,140,4,1687359909
145,145,4,1633533598
47,88,3,1608016968
160,123,3,1635966817
149,119,3,1692396325
177,34,4,1635619551
134,96,3,1676438782
121,83,3,1638780259
128,1,3,1606969537
77,4,3,1623697794
45,138,3,1604572231
1,115,4,1652080745
108,139,1,1677676040
128,98,4,1671984986
107,63,4,1649197015
86,75,3,1670577185
89,92,4,1635071143
192,103,3,1648163098
98,138,3,1621795854
110,73,4,1646809768
195,94,1,1629890414
60,111,2,1685404697
27,84,4,1693241296
197,78,3,1632432408
46,57,4,1630287935
33,104,3,1677094823
105,90,4,1604845359
146,121,4,1676294596
58,144,3,1655473246
155,43,5,1656832292
106,54,3,1626671988
115,34,4,1637358953
183,93,5,1642460837
158,96,4,1610307813
124,54,4,1683925312
97,74,4,1611452243
188,89,5,1621742190
42,5,5,1659297556
58,138,3,1608663616
191,53,3,1601021760
167,36,2,1605118057
133,80,2,1631310655
98,39,4,1673736097
63,89,3,1602385870
164,146,4,1686090640
144,127,3,1660796129
21,6,4,1695425279
62,56,4,1672752591
71,32,2,1684576493
37,61,5,1668231985
55,116,4,1646039549
116,125,3,1613068562
134,29,5,1622355194
153,125,1,1660494572
141,12,4,1614598256
56,129,4,1618604515
145,28,3,1656984500
163,51,3,1683109883
60,131,5,1655830489
143,52,3,1618742387
137,33,5,1670024813
55,11,2,1608735179
82,145,3,1617087386
85,89,4,1602823195
14,9,4,1611097219
188,90,4,1691737940
101,94,2,1627900426
102,29,4,1657309735
71,13,4,1663019158
80,120,5,1674219198
22,121,4,1627317842
143,18,4,1687927624
102,40,4,1601265233
77,41,5,1693576072
9,19,2,1606325121
0,27,5,1684280069
167,2,4,1648071018
163,89,4,1695816222
52,0,2,1679337197
82,36,4,1662951401
53,82,3,1679743127
24,19,1,1624792940
141,141,3,1629443801
168,138,2,1690127337
106,91,3,1667835879
22,138,3,1654193022
53,77,4,1632863568
13,147,4,1664697908
7,22,5,1638698029
117,6,2,1645876910
162,44,4,1621699795
137,6,4,1661495436
76,4,3,1604744518
63,138,4,1600431914
108,115,1,1646333003
85,79,5,1688298232
52,36,5,1634874823
71,18,3,1632750004
162,129,3,1637608867
56,55,3,1695815377
77,65,4,1603975407
5,118,2,1651093222
18,114,3,1657734362
169,127,4,1628158473
126,113,5,1689134695
52,127,1,1696173495
157,7,2,1623679576
36,60,4,1659276431
73,129,4,1694486747
160,116,5,1699596439
8,129,4,1658425972
178,89,3,1687396262
161,91,5,1688094374
9,113,5,1603553735
198,93,3,1691014504
79,97,3,1626857122
32,77,3,1698296185
151,9,3,1631225981
102,92,2,1675976807
8,94,2,1669654581
59,126,4,1652599989
76,21,2,1685294889
47,132,4,1653963697
166,129,3,1678334597
91,88,2,1699306701
118,139,3,1626733301
86,55,5,1680922969
192,92,4,1665732024
139,11,5,1665702993
37,76,4,1699732808
69,1,3,1650246022
106,68,4,1680809923
163,136,4,1663798226
154,106,4,1699482157
171,11,4,1671098205
127,118,2,1631528920
198,124,2,1690721931
52,15,3,1628874818
6,9,4,1634464725
24,81,4,1620388265
144,107,4,1689894489
1,82,1,1641823015
51,7,1,1626496786
122,86,3,1604978826
29,10,3,1634921257
39,72,3,1654636510
127,67,3,1617448251
150,141,3,1679348977
122,57,3,1626882035
65,133,2,1638979847
44,26,3,1601576100
164,35,5,1636347673
168,49,2,1626331730
48,80,4,1600900819
9,5,3,1678447850
125,40,4,1644132033
187,46,5,1619448571
17,118,2,1681145703
78,126,3,1650098373
26,130,5,1674167187
8,2,1,1637592984
120,24,2,1663947013
130,90,3,1641813987
26,2,2,1638044782
77,94,5,1628852063
53,133,3,1626398466
191,2,4,1604323354
36,104,4,1698203409
26,88,3,1600045345
123,7,1,1635312928
198,139,3,1617597183
108,37,1,1620505700
52,74,4,1642590411
34,128,4,1682916001
88,40,4,1699285606
0,85,2,1612422941
85,101,5,1615165989
105,36,3,1645672546
178,62,3,1675326781
8,12,3,1639822060
55,103,4,1610950107
94,82,4,1629325101
123,146,3,1645947017
192,31,4,1657068594
113,13,3,1608288207
173,110,3,1628677978
35,34,5,1645885137
191,111,1,1694350291
14,78,3,1646586436
99,94,3,1640594879
131,98,5,1634582699
111,21,3,1625103020
152,70,4,1656236362
83,75,3,1627602888
114,114,4,1686891193
108,47,5,1692937481
7,114,2,1650438551
3,94,3,1633422323
146,26,4,1647421507
77,17,5,1631243562
3,3,3,1639125996
70,128,5,1651469322
81,51,3,1603693239
18,134,5,1612548136
181,146,4,1633706756
59,98,5,1690703409
69,43,2,1676142242
8,74,4,1695381533
37,100,5,1628928816
176,98,5,1616655244
14,3,4,1635136974
27,74,2,1611027202
162,132,4,1601551162
3,14,2,1683111595
20,1,4,1613035541
187,112,3,1673158830
129,20,2,1615296346
45,56,4,1681945629
165,84,3,1601279415
176,101,5,1677216737
71,107,3,1640265956
162,41,5,1661594640
113,19,3,1670619449
199,45,2,1606889633
43,109,3,1603208606
147,58,3,1622939525
70,34,4,1627757741
53,95,4,1647704068
31,107,5,1661143124
116,91,3,1630538838
177,11,2,1611665101
2,89,4,1693095575
62,59,3,1605869398
122,69,1,1679470207
58,39,3,1650252158
130,128,4,1678097688
118,124,4,1616354623
82,130,5,1621741996
147,51,4,1652888253
116,95,3,1617711083
101,8,4,1622602298
91,91,5,1676398260
167,102,4,1609541858
88,87,4,1612602589
104,51,4,1617812679
52,96,3,1611764012
49,58,4,1615294099
150,120,3,1641029764
183,110,5,1636387983
189,111,3,1691647041
106,12,4,1614381682
184,8,4,1662529353
70,36,5,1687919542
82,62,2,1665762556
130,144,3,1636707708
199,148,2,1661192903
14,22,2,1673215761
16,109,3,1616664764
88,0,3,1648760741
175,76,3,1677111725
168,94,3,1613256280
129,33,5,1667180559
194,130,3,1625336992
13,127,4,1667766342
55,42,2,1650718385
70,111,4,1663838331
118,17,5,1603733305
184,117,3,1603717882
96,49,4,1626280765
93,113,2,1663757462
198,33,3,1617013120
41,147,2,1607030690
9,121,5,1614674476
75,2,4,1656042269
57,4,5,1675101225
173,93,5,1623359071
178,69,2,1679642781
53,126,3,1604264620
197,103,3,1677063573
155,48,4,1655363619
194,67,4,1678095488
23,76,2,1641451106
195,1,5,1677525186
134,112,3,1659288370
147,6,4,1667169942
18,100,4,1681243874
90,45,3,1600630492
13,29,4,1606558692
151,129,3,1649317870
188,26,4,1634604420
38,128,3,1682617920
106,118,4,1601029015
6,121,5,1683793787
28,50,4,1606348741
88,73,3,1609167139
83,54,3,1626236253
197,97,5,1677093033
139,5,3,1639841604
11,88,4,1643147490
62,115,4,1667585117
64,27,5,1643694043
84,100,4,1645748883
9,98,4,1644740360
48,147,3,1612076613
63,9,5,1601579945
138,12,4,1604383155
190,113,3,1600437295
114,82,3,1641145693
173,71,2,1629508307
152,51,4,1607892080
18,3,4,1613066643
59,67,5,1620388762
34,10,3,1600475147
7,42,2,1699632154
25,36,4,1645859269
174,9,4,1633976835
92,120,4,1602090610
122,28,2,1613869094
134,34,5,1609976717
27,21,5,1647783187
32,137,5,1650587647
166,14,2,1626592773
172,41,4,1616652087
47,137,5,1634753623
29,9,5,1624856191
26,134,5,1639395830
142,85,2,1689506524
134,56,2,1693928874
33,131,3,1607390443
133,113,5,1676445031
161,105,4,1620873702
28,97,4,1688778007
54,9,5,1625910946
99,135,2,1616957415
181,99,5,1609775280
24,110,4,1654162177
14,130,3,1617734842
20,25,2,1630404915
156,144,3,1626229262
178,147,3,1607061132
8,60,3,1689083750
34,105,4,1658633262
152,148,3,1639522135
192,129,4,1671923805
189,25,4,1618633723
118,128,4,1680219341
86,83,4,1625347361
115,28,3,1634929261
6,32,4,1616789176
187,61,5,1638333059
25,76,4,1617227251
22,123,4,1676971901
63,86,5,1622766774
56,68,4,1609772305
110,12,4,1604822444
59,76,1,1636341422
25,23,3,1664955731
163,125,5,1614444868
34,99,3,1666314572
69,104,2,1617511408
25,11,5,1644742726
134,147,3,1604555029
37,111,5,1619802500
121,102,3,1685333017
77,119,4,1606086795
174,14,3,1630648932
92,128,4,1629729071
117,141,2,1621397351
139,97,4,1613762130
82,85,3,1614670610
21,27,4,1613909489
65,9,3,1647279453
15,6,3,1680751008
150,108,3,1652167221
85,146,4,1666616575
96,45,2,1694784641
194,99,3,1698725301
174,40,2,1668375168
64,108,3,1625667272
90,8,5,1674427526
48,55,3,1629412429
108,110,4,1627949912
47,9,5,1614489449
122,89,3,1698356133
106,138,2,1681019343
54,87,5,1695227214
131,32,3,1600970342
18,72,3,1643602625
85,61,5,1666589607
129,90,3,1608356560
112,99,3,1637520932
99,89,1,1646138437
105,146,4,1677492205
34,131,3,1612607396
70,10,3,1656954294
3,111,3,1660594866
141,2,3,1618580903
123,148,3,1684724267
100,127,3,1621265591
103,20,5,1657441149
52,112,3,1689691227
86,38,5,1646963147
59,75,4,1620239441
149,62,2,1691411098
60,39,2,1649184987
48,81,4,1636968675
89,9,3,1656036393
126,102,5,1618181649
28,146,4,1675842447
3,133,2,1621500963
183,115,4,1663463554
179,26,4,1689582153
47,134,4,1658144118
107,66,5,1656461205
126,115,5,1687773676
152,99,5,1653098738
15,138,2,1644814990
75,45,4,1666079478
60,49,4,1624164998
35,97,3,1603200629
94,131,2,1634498891
172,61,5,1697162906
5,110,3,1613071611
22,119,3,1694584255
59,127,3,1638278237
59,51,5,1612645664
134,66,4,1657227605
172,75,4,1649511603
112,27,5,1623507552
20,55,5,1626390534
90,3,5,1610143582
59,44,1,1683456565
123,130,4,1676668147
148,135,4,1668125266
181,105,4,1680562689
144,98,5,1683033234
3,40,3,1658828733
57,63,4,1609490391
153,24,4,1644060636
13,14,3,1646909487
188,28,3,1680706823
12,130,5,1670993233
164,23,2,1601318959
147,109,2,1620158328
21,24,3,1692544426
179,126,3,1667671901
107,148,5,1636411040
35,32,3,1616531944
149,94,2,1620548481
133,124,2,1670930099
147,19,2,1653920407
133,86,3,1689963770
3,100,3,1664190172
148,120,1,1601290097
108,103,2,1664936243
19,13,4,1618035500
9,41,3,1695579246
77,126,4,1661010696
151,51,5,1639342525
86,118,5,1611625985
161,133,3,1646870468
94,20,5,1687636997
48,117,2,1691337149
191,20,4,1658069202
124,140,4,1656895346
108,63,3,1654401110
78,76,2,1658750272
79,55,3,1682126331
154,81,3,1689997289
159,85,3,1671550138
10,43,2,1686376568
20,77,4,1650746297
16,8,4,1621123930
120,19,2,1680288408
53,42,5,1653513080
10,24,3,1609394210
157,106,5,1636990605
74,63,2,1624852079
96,119,4,1634494348
91,57,4,1602115190
19,134,5,1618901088
75,99,4,1654398340
149,34,3,1683333719
108,0,3,1649135155
86,141,5,1698617153
45,135,3,1645484187
20,34,5,1618330619
102,123,3,1603460273
172,30,5,1677967620
194,119,5,1637597528
187,113,4,1678850406
92,71,4,1644395806
8,101,4,1667155952
25,30,4,1601420793
145,84,4,1667734524
104,148,4,1695174382
55,49,4,1625821322
163,141,3,1695756845
71,54,4,1626758066
115,94,3,1632923407
93,97,4,1617323595
196,65,4,1693645901
18,131,5,1606545093
89,108,1,1622535862
91,120,4,1610139448
54,120,3,1675524474
161,122,3,1694663298
85,145,4,1668305249
163,72,4,1652064522
153,11,5,1662140826
166,141,3,1667090611
146,81,4,1694983827
102,50,5,1657049519
90,34,5,1658760204
122,25,3,1637098259
26,93,5,1646749652
67,64,4,1696094314
59,142,4,1682479276
36,146,3,1682691650
101,79,3,1610011425
8,144,2,1666857454
96,68,3,1620619540
192,23,4,1665321632
58,38,3,1661020803
121,57,4,1651150387
8,27,2,1635512612
69,146,4,1695689677
12,32,2,1699836834
93,10,3,1686552249
86,54,4,1635976311
3,71,3,1607724560
182,24,5,1633805601
37,43,4,1697704117
6,24,4,1655715335
171,65,3,1687693835
138,77,2,1603388648
176,123,4,1647553176
69,119,3,1668203614
108,118,2,1659202547
111,133,4,1695662971
70,146,3,1609960205
109,100,3,1651245848
179,33,4,1648723048
110,47,4,1636333552
49,143,4,1618716548
145,1,2,1654012940
153,7,2,1672191295
117,78,1,1653748776
39,30,4,1602615826
155,34,4,1611528154
28,35,4,1685505935
180,62,4,1690349835
106,29,3,1665556529
93,129,3,1640153193
123,17,3,1650359075
116,11,3,1682695456
58,103,3,1634302572
31,68,3,1662327340
125,43,2,1685045977
131,93,2,1635338411
15,74,3,1639951743
168,31,4,1631716881
62,101,4,1690425970
47,89,4,1639951727
178,19,3,1670358113
4,49,3,1696826457
173,63,3,1684371442
0,116,3,1629576276
132,36,5,1650696993
175,122,2,1623243094
70,4,5,1625525676
162,16,4,1640661893
121,126,2,1642391641
55,46,4,1655114481
93,68,3,1695034412
121,131,2,1654901036
65,114,4,1653823678
96,93,3,1626443020
143,20,3,1697117412
4,55,2,1601957539
178,60,3,1631557578
53,16,4,1655706235
78,28,2,1690552410
118,75,3,1612381576
10,85,2,1650540578
25,25,2,1688611029
196,3,4,1675634585
127,146,4,1697256496
94,83,5,1618989957
149,142,2,1628587771
151,3,4,1699136526
71,82,1,1632251493
11,19,3,1620288496
7,52,3,1686637266
103,37,5,1631596252
88,1,3,1676134295
82,78,4,1667041269
27,56,3,1678767734
120,16,4,1614409115
14,66,3,1676701504
36,142,3,1618526643
82,55,2,1620078734
126,48,4,1637636804
91,4,4,1694484598
38,106,3,1688176141
193,100,2,1636707807
198,12,5,1615394480
30,115,3,1686007322
21,141,5,1629509296
25,54,3,1681922087
168,22,2,1672636757
170,112,4,1696289793
0,129,5,1653624958
10,69,3,1646530920
142,40,3,1627482135
31,50,5,1666574792
42,144,2,1642894013
114,124,4,1650689439
67,39,4,1642047965
188,67,2,1608620419
113,87,5,1665145378
1,102,5,1665587332
127,92,2,1625933207
172,129,3,1664627709
47,40,2,1637791466
58,32,3,1684654931
74,101,1,1618094121
172,80,4,1637153026
7,145,4,1623070717
95,25,4,1674528250
73,67,3,1650374540
56,16,4,1603542295
48,4,4,1636320688
139,76,1,1671526128
25,132,3,1670722827
4,19,1,1673785699
162,28,3,1630198965
188,137,2,1609225987
28,108,4,1631485054
179,4,3,1635479518
134,61,3,1648599080
31,21,2,1647148999
163,74,5,1632258934
195,48,3,1648451707
102,78,3,1699420848
106,8,5,1676744269
158,61,5,1600564779
188,73,4,1646375282
155,93,4,1605966144
29,121,4,1609633614
104,72,3,1696307628
170,65,3,1666872202
146,123,4,1672760948
39,7,1,1666395113
36,50,5,1691537956
7,39,3,1692417121
151,87,5,1647472413
83,63,3,1616379632
88,136,4,1660621110
163,38,3,1649956220
60,134,4,1627793862
146,103,3,1626485102
11,101,4,1656931355
47,149,5,1680337285
192,21,2,1624652445
181,64,5,1698411486
98,102,5,1658567122
6,92,3,1668063354
95,32,4,1696574201
183,57,3,1639725702
54,110,4,1612858189
25,16,3,1662085733
121,143,4,1669744868
70,107,4,1655649173
116,111,2,1601187336
34,132,4,1626667083
94,149,3,1669431173
177,6,3,1673807181
98,9,3,1695793914
8,119,2,1631400089
134,51,2,1661530945
161,27,4,1678189856
70,118,5,1624885535
58,147,2,1625511029
110,116,5,1627525277
73,135,4,1639302660
59,79,5,1656483149
6,135,4,1661910505
14,5,3,1688102541
94,57,5,1695761588
117,127,4,1644818416
97,61,3,1666494386
75,96,5,1639233355
55,144,4,1611391590
127,54,4,1623295076
175,25,3,1600263956
28,140,3,1671028296
164,137,2,1680494477
175,99,3,1684964870
5,117,2,1619610896
40,51,4,1692251888
17,18,3,1603318148
23,13,3,1671595401
14,127,5,1628007815
63,146,3,1600259461
139,144,3,1671544353
163,3,4,1641809181
170,125,1,1690906854
117,89,1,1640169085
147,129,3,1683745590
44,35,5,1627160741
1,140,3,1696610983
123,118,3,1632083836
136,28,4,1610895292
19,138,3,1689930840
46,125,5,1640934241
106,6,4,1608672617
157,10,3,1667632024
181,132,3,1650835917
107,145,4,1604843338
56,74,3,1675203207
183,14,4,1649651105
78,41,5,1663713091
21,97,4,1673943140
66,84,3,1642943534
73,30,3,1626547452
94,96,5,1683427396
26,146,3,1668210161
61,107,3,1636416349
40,79,3,1680509573
152,41,4,1691114469
111,57,3,1611526271
153,140,4,1660489192
124,31,5,1633367162
60,91,4,1663082534
109,80,5,1636653623
198,34,2,1615932461
152,60,3,1606662494
113,147,3,1680552736
117,63,3,1693500519
88,124,4,1663956103
104,13,4,1694613093
60,72,3,1618927058
178,53,2,1634356587
178,133,2,1609330807
22,143,4,1602264712
28,36,3,1676284256
48,104,5,1612236768
181,142,3,1669210542
26,36,4,1657894056
40,88,4,1616308046
145,15,4,1657587377
105,96,3,1654495609
94,48,5,1642981002
102,118,2,1642524745
14,0,3,1646690085
198,131,3,1609935784
49,41,4,1650868925
85,23,4,1671976214
69,24,3,1651112334
159,139,1,1694875248
166,121,4,1634961802
196,54,5,1674175901
168,146,3,1650236165
62,147,3,1659819185
183,3,3,1638245871
169,70,5,1622999240
7,66,3,1673860478
101,81,2,1661189447
32,21,3,1680550383
37,57,5,1675998458
187,85,2,1644054648
5,86,3,1673583286
122,123,3,1690085964
112,130,4,1666735015
93,7,4,1636282353
152,96,1,1687621153
89,48,4,1602800488
181,33,4,1665480289
9,43,5,1659458200
69,137,3,1672499897
55,53,3,1659329148
26,140,4,1652244701
0,64,4,1624429329
158,149,5,1695432935
0,104,3,1679510014
127,2,3,1671794810
81,21,2,1671499211
82,144,3,1661393000
26,11,4,1680538635
84,86,4,1698469904
43,21,3,1698532423
130,34,3,1664359708
15,124,2,1655669816
67,142,4,1612347921
187,117,4,1607723643
79,103,3,1635711237
159,46,4,1688188103
133,72,2,1606452515
46,39,4,1666207495
189,68,5,1632595505
101,98,3,1684495628
7,95,3,1663628026
189,23,4,1665496890
191,74,4,1696023092
7,133,2,1643637617
31,72,3,1682341865
2,60,4,1675761983
107,111,3,1622722604
3,33,4,1653511152
169,3,5,1656105493
88,49,4,1649963474
36,41,4,1691345523
159,70,4,1644739146
34,78,3,1642843574
30,66,4,1698260540
118,48,3,1683526742
66,29,4,1616186635
53,132,3,1688413886
107,42,3,1690445843
109,94,3,1607924269
44,119,4,1671238497
138,9,4,1626274781
123,16,3,1638625678
90,59,5,1674198229
41,119,3,1603735071
127,121,3,1664273033
186,8,5,1642708301
20,126,4,1646854694
15,139,4,1672570884
123,136,3,1667456067
115,68,5,1637188619
88,118,2,1692974057
166,8,5,1675374665
155,36,4,1690040553
119,118,3,1642058517
22,6,4,1678925408
158,85,4,1636884565
74,97,2,1694323554
74,11,2,1601329741
32,13,4,1629445310
20,60,3,1624458577
47,110,4,1676413440
166,12,4,1652911341
2,30,4,1699703023
121,60,3,1675305839
146,75,4,1609140500
151,130,5,1672490173
101,77,3,1657560785
157,50,3,1636762321
152,21,2,1638868661
75,85,4,1632878321
193,96,5,1628832809
29,117,3,1622293651
34,90,4,1650452302
14,90,2,1670793089
189,140,4,1636793443
80,123,3,1643763200
15,95,3,1693319865
114,131,4,1662552931
193,138,2,1645564746
93,130,3,1623315424
28,96,4,1625979443
143,53,3,1622622689
104,125,5,1624492400
42,51,3,1653435190
29,75,4,1639315246
134,7,2,1621101145
82,140,5,1663445918
130,121,5,1652619182
101,19,3,1646515450
113,141,3,1689496368
154,141,2,1699087607
178,17,2,1686547880
136,4,3,1674810153
117,53,3,1639419106
20,42,5,1611011856
55,112,4,1666731061
156,22,4,1641052409
130,146,4,1610153211
182,47,4,1654297044
119,131,3,1626827893
47,78,3,1601281022
127,5,5,1634331313
4,93,1,1652620238
110,6,4,1607161667
64,126,3,1636486187
84,80,3,1632958613
171,148,4,1639790259
128,70,5,1658355384
183,20,3,1680760495
43,62,3,1664163898
130,52,4,1676584849
66,25,3,1609083769
122,50,2,1661733858
54,40,2,1648047315
119,108,3,1644027054
80,71,3,1675116669
120,58,3,1628630103
4,23,4,1687035153
113,68,1,1601097428
104,129,4,1615983561
118,115,4,1681122642
62,130,5,1676262250
92,122,3,1609660848
195,82,5,1608160475
102,91,4,1665029555
77,147,4,1671555894
26,9,5,1612170164
121,144,3,1655874315
149,73,1,1653426144
6,124,3,1690089640
36,31,5,1696301562
91,75,4,1671004070
83,110,3,1616884383
35,94,2,1685498207
31,123,3,1697991201
13,144,3,1645300247
160,135,5,1679617695
99,92,2,1668796093
119,141,2,1638968692
176,32,4,1609930524
4,102,4,1649535426
46,23,4,1648954359
186,37,1,1685013784
96,64,5,1653192650
192,67,4,1633325305
42,106,5,1685933298
187,13,3,1643477107
112,47,3,1643403569
126,19,2,1623701074
8,146,3,1676279790
76,138,2,1628233789
114,71,3,1655112181
125,118,2,1653938852
28,132,3,1635430673
112,109,4,1640602642
22,128,4,1687718731
60,117,2,1645945471
172,37,4,1623783353
181,76,5,1696462936
11,14,2,1607257906
177,10,3,1663221592
117,20,1,1602983510
76,74,4,1612693508
69,28,4,1668241296
123,80,4,1692792181
116,116,2,1655031644
173,53,4,1605943017
26,99,4,1679927114
93,36,5,1666810694
174,98,5,1667750428
21,5,4,1626872149
196,71,2,1689598088
77,1,3,1663273087
68,140,4,1693083800
73,41,5,1677507947
85,81,5,1616633984
47,59,4,1677158576
165,7,2,1628828725
181,11,5,1698300487
7,113,3,1621416534
8,54,4,1651832377
152,26,3,1626369072
67,100,5,1654389599
54,83,3,1601918498
165,70,3,1659422023
29,134,5,1619921959
8,57,3,1644967572
162,112,5,1691522089
50,67,4,1606118739
121,34,5,1672753268
66,21,3,1655224226
79,59,2,1681207334
10,143,3,1626187544
42,19,3,1688709582
11,5,4,1631089664
195,88,1,1601436435
177,29,3,1660286833
160,102,5,1684049975
34,133,2,1606824260
115,38,4,1660968875
196,125,3,1622432944
141,123,3,1648236477
6,8,4,1675295846
13,71,4,1620978411
169,141,3,1600042786
128,106,4,1693581568
58,140,3,1652781199
65,106,5,1619792857
198,79,3,1622877820
27,29,5,1671588270
186,135,4,1664316204
186,61,5,1658298199
172,38,3,1680372539
193,80,5,1645652390
5,54,2,1667911266
106,52,2,1688906345
12,63,4,1671263981
141,79,3,1626723381
73,98,3,1616149099
13,149,4,1645190185
52,9,4,1685828009
66,106,3,1658626736
40,44,3,1604320737
142,29,5,1689476313
186,79,2,1646236819
53,3,3,1681353529
126,80,3,1606884182
195,73,3,1638368819
165,106,4,1677452992
122,56,3,1615216605
98,134,4,1648752137
95,65,4,1652735192
4,141,3,1620380040
121,145,4,1632299890
43,76,3,1651327974
191,91,5,1695145013
182,74,5,1619344199
6,81,3,1623159153
111,52,2,1640706803
23,135,4,1654146031
37,68,4,1667010795
92,13,3,1623041584
10,56,4,1641889805
0,31,3,1627838847
26,7,3,1601630993
31,76,2,1623876607
147,74,4,1698619555
55,134,5,1673919635
37,33,5,1697025805
37,67,4,1603692554
38,3,3,1689887722
69,78,3,1647504219
101,138,3,1625297408
50,23,4,1628497504
121,86,3,1681026250
195,83,5,1621026871
6,85,4,1681174077
38,63,4,1632432446
153,92,3,1693120128
130,135,3,1670740851
91,118,4,1680032433
122,73,3,1688414508
30,14,2,1607870793
137,115,5,1604539978
26,73,5,1653084615
190,44,2,1680501341
82,74,2,1620656116
134,78,3,1615797384
192,69,4,1653411134
27,67,4,1648041400
68,147,3,1629487570
7,1,2,1664664624
114,42,3,1694522013
58,42,2,1620089253
177,1,2,1676832616
7,115,4,1602473605
181,25,4,1612275400
178,43,3,1682010079
195,3,2,1680870370
52,92,3,1624830037
122,80,5,1620039929
13,51,4,1698571048
194,75,5,1686211001
114,77,4,1628197349
181,70,5,1631959854
3,7,3,1680399241
52,91,3,1675375104
141,76,3,1645703331
101,44,3,1621736766
133,125,3,1681277698
63,58,5,1656822245
106,78,3,1632872898
18,92,2,1615406700
179,43,4,1629552933
96,140,4,1644447873
152,10,2,1612211811
40,27,4,1635107241
158,29,4,1617337614
191,93,4,1637989495
92,143,3,1653182119
38,143,3,1626744607
170,14,2,1632826640
42,121,4,1655865732
27,93,4,1624440891
20,106,4,1687284092
113,89,2,1626335419
126,13,5,1671150446
92,146,3,1654923900
11,28,3,1691388156
2,51,5,1622067947
56,100,4,1673574649
62,50,5,1672845766
113,20,3,1622227697
4,44,2,1691554691
34,111,3,1623621818
32,71,3,1650153437
135,140,3,1687928326
91,89,4,1621104830
134,17,3,1638960875
94,127,4,1605478705
106,77,3,1679277436
135,2,2,1694633318
27,14,3,1633914817
56,128,4,1695518990
86,111,4,1675110186
196,114,5,1622799390
44,57,3,1617590225
124,9,4,1607911665
100,67,4,1686069151
94,29,5,1664606470
41,135,4,1645974440
111,75,4,1672258195
69,114,3,1619166233
191,112,4,1657858528
11,23,5,1637238009
36,121,5,1643916385
89,30,2,1617663070
64,144,3,1624499273
71,112,4,1618737757
157,129,3,1608030512
107,122,2,1668369973
88,35,3,1678741927
187,14,3,1618623926
139,87,3,1602387558
87,6,3,1611321942
96,85,4,1672262463
194,56,4,1699747093
104,88,3,1633915981
175,149,4,1677195136
9,82,5,1649570869
130,50,3,1641507341
83,98,4,1604405090
187,4,4,1650506433
158,35,3,1625829015
60,85,5,1683658813
197,20,3,1699592448
10,60,4,1619286454
23,19,2,1690613094
42,36,5,1697478318
168,129,4,1609303570
57,34,3,1669351904
8,67,2,1677983262
160,72,3,1621658587
38,27,1,1671441055
152,113,4,1662903967
143,0,4,1626894313
70,110,3,1680096939
28,12,2,1653691043
5,103,2,1659760924
66,28,3,1678356384
147,25,2,1614604070
48,1,3,1601785586
77,24,4,1660398277
47,19,3,1604593735
127,36,5,1699731607
14,20,4,1640246155
46,52,4,1643451610
151,2,4,1682960265
105,80,3,1691861530
121,147,2,1625207325
193,130,5,1666066237
89,134,4,1642070878
101,119,3,1652651269
170,49,4,1669576666
14,133,1,1607095224
107,144,3,1610817136
182,103,4,1678729176
91,18,2,1674608639
108,132,4,1695168888
57,123,3,1633619977
94,1,4,1620969202
123,14,1,1614507906
6,72,3,1641481105
102,28,3,1688960973
78,37,4,1636795301
105,70,5,1606282141
9,137,3,1665514179
53,125,5,1605015821
175,105,2,1619106123
189,60,4,1662333910
185,57,3,1699930301
161,40,4,1638590010
168,24,4,1636399699
123,59,2,1649512231
121,21,2,1673427201
195,92,2,1612213499
48,10,3,1690693463
65,33,5,1657987820
101,24,2,1642859240
124,22,4,1651521246
25,38,3,1684658454
15,44,1,1627287769
179,73,3,1665518433
86,50,4,1686781928
129,73,3,1674365863
165,87,4,1605228160
162,148,5,1655990131
124,69,5,1610372443
142,139,3,1606903940
119,81,3,1643825980
108,70,3,1679617146
117,21,2,1600873274
17,86,4,1677394452
181,35,2,1676009873
26,30,3,1662073174
1,94,2,1688195310
8,59,4,1652662519
11,90,5,1602535776
81,31,4,1670111653
154,48,4,1679153448
73,64,5,1645438345
157,42,5,1622359101
196,48,4,1682555717
60,6,4,1626609818
81,55,2,1653548274
57,135,4,1671728306
7,82,2,1698084155
25,114,3,1665276220
102,44,3,1667837372
106,112,3,1683078632
189,8,4,1631537379
107,50,4,1607926261
26,22,3,1648225500
194,83,5,1657798542
156,110,2,1683254548
27,68,4,1638268696
40,70,3,1684457467
21,104,3,1616673974
124,15,5,1685687831
135,147,1,1697612869
154,107,2,1607215315
11,42,5,1686082711
180,15,5,1678733000
155,75,4,1631484219
98,111,4,1674154625
58,46,3,1696881265
55,47,2,1603510541
95,57,3,1628653946
4,7,1,1602154335
133,56,3,1679141873
122,117,3,1610796326
69,102,5,1677323377
115,144,4,1602615789
111,114,2,1672601585
53,38,4,1620535563
127,107,3,1611104697
168,28,2,1685940024
66,116,3,1692829736
19,84,3,1658563102
9,91,3,1603712261
31,17,4,1627539046
178,142,2,1640634369
89,62,3,1641103637
184,77,3,1682786358
70,92,3,1698459694
89,61,5,1646215533
75,37,2,1632230128
26,20,3,1699341710
147,68,5,1631832368
9,26,2,1693254688
0,87,4,1628027454
63,32,4,1621125529
13,101,3,1621239688
89,105,2,1668324747
194,129,4,1694056883
96,47,3,1626898703
82,112,3,1654003974
145,63,4,1683054896
119,14,3,1686707991
84,111,4,1682208914
151,139,3,1613498647
105,24,4,1640485886
178,128,4,1605141388
84,128,4,1670554777
69,128,5,1629460246
89,19,3,1616937987
108,66,4,1670949623
65,54,5,1640557195
45,61,4,1666804756
5,81,4,1667523221
166,26,2,1616527864
106,119,4,1685440146
194,86,4,1634842270
111,16,3,1600549846
8,87,4,1650890253
3,31,4,1699114024
73,28,3,1609962362
168,17,2,1677201981
90,39,5,1655268161
89,23,2,1691732531
7,148,4,1625272673
48,137,2,1664344818
9,130,3,1695713956
26,72,4,1606298887
25,94,2,1671789171
145,61,4,1638612494
92,41,4,1696123772
34,54,4,1635493948
158,131,3,1661111523
4,16,2,1699656246
7,88,3,1659452796
13,93,1,1666283741
181,140,5,1612332440
20,68,4,1688518540
195,40,5,1690377732
134,32,4,1656082131
76,22,3,1678205241
137,53,3,1664345162
42,126,3,1625658335
56,124,3,1619584970
69,132,2,1682541341
37,139,5,1619261693
11,145,4,1681628863
198,94,2,1669238039
145,66,5,1665278741
46,88,3,1634753843
105,34,3,1657125360
58,74,3,1656808211
53,128,5,1641355656
167,101,3,1623693262
158,147,3,1642383432
184,28,3,1633201208
53,6,3,1665384112
150,35,4,1648928438
21,126,3,1625095583
117,73,2,1675736569
69,61,3,1670699500
51,1,1,1651077340
53,146,4,1608059800
20,51,4,1686335143
198,83,5,1654379294
194,95,4,1634980990
158,15,4,1686537392
176,137,3,1694817256
56,9,5,1655312852
153,85,3,1649480606
82,134,3,1609347064
9,40,5,1640071357
5,99,3,1639202410
62,53,3,1660036914
25,119,4,1696407384
66,98,5,1652961398
85,43,4,1670937784
94,142,4,1638719747
15,83,4,1695598430
198,29,3,1609385368
80,48,2,1690898313
26,122,2,1699545659
121,52,4,1693888993
176,72,3,1638983881
121,42,4,1627821957
194,51,5,1600853245
15,63,2,1685487972
112,110,3,1679969426
64,22,4,1614198652
184,35,4,1619207777
16,126,3,1683213268
112,19,4,1676729100
52,124,4,1615439297
93,0,4,1627460706
0,47,4,1621665843
2,133,5,1609061225
169,108,4,1669771508
125,82,3,1661823748
48,9,5,1677058849
119,49,4,1605068132
162,66,4,1657489538
20,53,5,1635167018
107,8,4,1648139675
84,46,3,1656331169
146,44,3,1638146908
85,112,4,1630434939
22,103,2,1634340513
83,21,3,1674106489
25,137,2,1613460834
88,12,4,1672002467
22,0,3,1658106060
36,34,5,1621288288
52,144,2,1626372165
137,70,5,1655304659
98,77,3,1686232408
21,139,3,1694637586
174,19,2,1691762990
131,146,3,1610820173
21,95,5,1630367537
9,18,4,1695167103
44,17,4,1612238518
162,134,3,1688447814
10,2,2,1640627788
162,127,1,1683946162
35,115,5,1628843684
157,15,2,1699099813
34,28,3,1622145172
166,56,2,1633607993
153,139,4,1696250348
36,76,3,1611118471
89,89,3,1638355013
87,71,4,1608626691
96,83,5,1690100754
74,59,1,1655704039
55,93,3,1644312503
116,134,3,1624728060
94,101,4,1688925339
155,145,3,1660019000
175,49,4,1660079180
63,47,3,1676602162
6,118,3,1661429673
145,111,3,1685200034
18,86,5,1697502050
156,30,1,1673200323
99,130,2,1663701911
16,141,3,1691450061
82,132,1,1686912662
11,94,4,1617877256
175,126,2,1665090532
144,56,3,1623069713
14,72,3,1619443902
71,55,5,1606210406
42,143,4,1620460188
188,45,5,1604723825
0,36,2,1670791826
80,85,3,1619559672
95,28,4,1617134998
153,1,3,1690493788
59,119,4,1668961124
80,43,5,1669110185
21,61,5,1635813066
4,27,4,1659799789
176,97,4,1631296330
62,120,4,1665222802
84,39,5,1697364005
120,75,5,1685899205
158,53,3,1640816812
152,37,2,1643669300
64,9,4,1629580546
137,90,5,1656813183
17,131,4,1625169143
76,53,4,1635511556
16,25,3,1624823913
117,27,2,1648477956
112,117,4,1633315196
58,43,3,1649426884
94,145,3,1662120959
112,114,4,1651691317
175,104,3,1611478309
197,100,3,1691648551
154,64,3,1686519020
179,97,4,1677734330
74,33,3,1613071299
34,38,4,1617079297
157,124,5,1684313281
41,10,3,1613775726
82,31,4,1672004228
37,49,5,1613032885
102,39,3,1641057184
165,78,3,1650283577
0,134,5,1671298270
48,145,4,1647295356
198,111,1,1697342833
7,135,4,1674626647
110,5,4,1677515495
86,68,5,1659446633
161,131,4,1688592791
28,109,2,1649543728
4,95,2,1681900526
13,118,3,1687081314
62,8,2,1619730448
17,98,4,1603264178
59,52,5,1698195669
98,141,4,1650899815
86,149,5,1673359263
30,123,3,1682115502
43,139,4,1631498189
34,56,2,1641111167
42,119,3,1611179666
110,84,3,1697615933
192,35,2,1698586647
25,139,5,1692554409
171,128,4,1698919914
154,76,1,1642390284
109,62,2,1646553079
187,138,4,1609047018
173,114,3,1609319187
99,42,4,1673396478
30,145,3,1624585886
62,31,5,1680622421
50,40,4,1658790667
40,46,3,1646600474
120,83,5,1690328755
84,21,4,1679437057
195,102,4,1665431157
65,4,5,1653216802
1,130,5,1659719081
155,78,3,1644093537
96,149,4,1688076283
136,5,3,1663031309
181,88,3,1662109996
68,132,3,1638023045
10,138,3,1655487597
42,140,5,1678094064
129,100,4,1642025648
125,104,2,1636125075
143,142,4,1692721841
193,34,3,1614465839
45,117,3,1662936126
82,17,4,1622205866
176,86,4,1608124096
69,108,3,1690145167
123,54,3,1631726170
12,31,5,1642804007
93,66,3,1672355812
17,111,3,1652261843
14,117,4,1698531667
92,96,3,1644884021
156,8,4,1602320223
153,69,4,1607488347
179,42,5,1602673504
80,102,4,1626532385
167,94,2,1642205140
173,21,3,1666062661
22,4,3,1662783031
22,149,5,1636220530
149,116,4,1672376836
171,87,5,1666505163
162,91,4,1652121319
86,9,4,1683292327
65,135,4,1642453004
4,112,2,1633606498
91,55,3,1603845333
60,67,3,1616266332
64,97,3,1652103377
109,90,4,1635890643
157,45,4,1699503792
31,2,4,1656910871
38,37,4,1656311660
49,120,4,1694346718
7,60,2,1688992071
150,112,4,1612739648
159,30,3,1663886274
7,41,5,1619166633
110,44,1,1646505677
11,40,4,1687486263
66,16,4,1633133440
107,65,3,1624484201
58,79,4,1692105143
185,8,3,1674773322
196,92,5,1667381030
17,106,4,1674977711
85,91,5,1687627777
50,32,2,1688187078
137,126,4,1646179116
96,11,2,1662107589
78,146,3,1642515804
158,101,4,1626363414
29,85,4,1672280321
117,80,4,1677734553
45,81,4,1683366651
108,141,5,1698481905
86,63,3,1691118991
13,25,3,1632221502
47,25,3,1626171124
121,17,3,1612417252
157,100,3,1664951643
14,88,4,1657464983
108,112,4,1635126489
38,53,4,1686770525
51,118,2,1698698446
116,107,5,1627354848
153,107,4,1624027833
111,110,3,1615881525
49,95,4,1690843863
19,99,5,1620366170
120,53,5,1658027868
86,105,5,1627095782
178,33,4,1655910467
42,58,4,1657396721
131,38,5,1687677679
123,145,3,1609984862
132,122,3,1667529393
135,128,3,1671333597
86,23,5,1641837878
123,100,3,1625253941
18,61,4,1636500871
120,147,3,1604513657
107,84,4,1624331571
96,108,2,1646105780
27,129,4,1633121122
26,33,4,1665075617
121,10,3,1610145894
11,22,3,1646607328
151,94,4,1682333466
131,55,3,1631115386
62,63,4,1667939911
145,19,3,1667574144
83,30,3,1691305718
145,103,4,1631858937
56,34,3,1605960275
187,84,3,1615207612
23,129,4,1601062268
52,48,3,1616158309
158,76,3,1691531104
4,100,2,1662274136
73,118,2,1612101030
139,108,4,1666921032
90,104,4,1678901743
178,18,3,1684295636
120,107,3,1644897169
58,92,3,1646590598
10,125,1,1669624723
139,141,2,1604264141
133,57,4,1615606022
142,5,4,1603951460
147,130,5,1625368419
115,42,4,1624550530
40,59,3,1681738343
123,62,1,1608013804
11,44,3,1647895042
199,104,3,1638636697
153,13,3,1676608268
129,138,4,1640763125
195,140,3,1697618190
121,43,3,1635338053
50,64,5,1634099943
115,8,4,1638137345
111,49,4,1653503196
113,49,3,1611233071
15,86,4,1605057132
30,70,3,1648833134
143,56,3,1649535670
159,128,4,1618369374
77,57,4,1664451520
124,126,2,1661557535
101,111,2,1622099657
80,61,3,1662929436
99,78,3,1646155025
15,51,5,1697092420
91,139,4,1626996660
178,70,3,1606068518
124,84,1,1616686876
149,55,3,1696770913
125,120,3,1667260346
130,37,2,1660544156
57,126,4,1609995172
9,116,4,1601601622
66,74,5,1631791886
79,136,5,1646755555
23,146,4,1665254468
5,114,2,1685474605
145,118,3,1623261749
90,100,2,1656453484
113,74,3,1655672788
108,48,3,1658359894
87,98,3,1610730308
77,95,4,1614059059
161,12,4,1638932193
44,90,4,1628578116
163,120,3,1610704654
127,125,2,1621044011
196,10,3,1654342265
194,107,4,1689613222
198,122,3,1689259885
109,45,4,1626980504
152,117,3,1603142663
1,21,4,1685992808
109,49,4,1662375943
161,146,3,1686743512
161,106,2,1639777912
147,55,4,1663807068
42,60,5,1693350121
59,71,5,1685270052
117,33,5,1629492488
17,6,5,1682201740
126,57,5,1655475003
96,23,3,1629053435
59,30,3,1607804007
188,133,3,1676900938
65,68,5,1645549354
117,102,4,1628032075
143,114,3,1699081946
127,42,5,1641340740
111,7,2,1657866024
10,38,1,1609287780
183,133,3,1693184105
93,72,3,1686218385
160,38,4,1628967322
193,122,3,1610717928
163,17,4,1640806031
160,144,3,1631409659
108,82,4,1630722901
32,94,3,1680895207
147,59,4,1644603013
86,88,2,1627326755
49,78,3,1658919482
150,61,3,1615166458
160,57,3,1690782619
21,101,4,1648932005
109,104,4,1640076820
195,90,5,1616726346
109,122,2,1623588322
163,46,4,1634710466
197,120,4,1605349437
86,10,5,1687388778
183,23,4,1601705673
15,9,2,1668337585
24,133,2,1652859379
100,76,3,1642979889
62,65,4,1605021040
190,13,4,1626569759
163,70,4,1682688667
151,86,5,1666461163
57,7,3,1698949867
26,5,5,1630519008
69,21,1,1688394061
2,58,4,1690810573
92,144,3,1679743267
174,48,4,1605468692
110,55,3,1650943405
112,67,3,1634655922
126,9,4,1684221338
151,116,4,1692247551
55,138,3,1618142048
175,79,3,1678583238
124,104,3,1605851624
38,107,3,1679036840
151,41,4,1650744912
125,54,3,1655487862
199,136,4,1638882267
23,22,4,1676826592
64,139,5,1633809806
145,128,5,1630600818
91,31,3,1607982884
134,49,3,1600238813
119,26,4,1697861460
66,30,3,1658262995
117,129,3,1672930497
172,64,4,1673634153
141,91,5,1625146375
191,140,5,1687081936
158,74,5,1657888872
18,130,3,1665947654
83,93,2,1613190912
157,75,3,1616951378
102,94,2,1681345161
4,32,4,1675773000
41,149,4,1648762379
96,127,5,1663504381
94,7,5,1675254291
96,88,3,1649814801
19,54,4,1665345871
106,48,4,1612398950
117,93,5,1695193136
107,106,4,1613305582
121,132,4,1693994588
88,5,4,1638938642
139,84,2,1661489378
192,20,2,1606701610
101,86,2,1620937331
149,40,3,1623791546
118,104,4,1689610798
152,0,2,1618726092
125,102,4,1667032854
70,72,4,1639087952
129,145,4,1677320430
79,1,1,1608882545
33,51,4,1646344626
12,148,4,1650364726
53,60,3,1693229032
127,26,4,1633654201
90,2,5,1642628366
55,128,5,1644013708
103,119,5,1614951560
107,124,4,1693441060
63,54,5,1634606102
66,118,3,1609831926
25,100,3,1684460235
31,124,3,1627480990
108,146,2,1686493656
118,123,2,1667609193
67,132,3,1644483173
27,99,4,1695712577
34,65,3,1690624849
113,22,2,1603596737
195,64,5,1658587993
77,74,2,1626361493
190,36,2,1664163574
133,89,1,1625105812
143,6,3,1643504124
178,84,4,1637680282
133,58,3,1600137380
35,78,3,1675315226
50,59,2,1650264443
166,49,2,1607275773
102,101,3,1678166588
2,16,4,1671115000
173,37,3,1695339458
125,86,2,1699370171
95,69,5,1645177912
69,49,5,1656551158
20,141,2,1642472494
34,81,5,1617357773
8,124,5,1687037079
125,110,2,1640390680
15,5,4,1677429996
69,107,4,1601629377
15,100,2,1622818966
12,123,4,1694322479
57,47,4,1645678883
198,11,3,1638202848
176,138,4,1625027958
192,64,3,1626217546
120,139,3,1620961916
130,3,2,1627951508
28,149,3,1629047673
56,33,5,1650565608
105,78,3,1646753451
106,35,2,1612399763
5,67,3,1687765917
160,51,4,1688296797
5,137,1,1620658137
104,110,3,1638588721
85,45,3,1627504104
63,97,4,1610712560
124,121,3,1633993213
165,144,3,1665847419
80,149,3,1673434547
101,51,2,1677784669
38,149,3,1680089975
5,50,3,1625636532
56,62,2,1633615111
142,59,3,1618919348
160,2,3,1677952419
60,25,4,1690531887
104,85,3,1673058302
70,39,4,1665164449
95,8,5,1689830428
72,133,3,1630443454
57,31,5,1605138223
120,21,3,1693039014
187,71,2,1655598792
5,36,4,1683122467
79,143,4,1689029033
6,10,3,1687454973
14,25,2,1630258004
190,102,4,1631883147
90,29,5,1666169643
122,146,3,1646128668
75,31,3,1621887743
199,93,2,1662200558
161,2,2,1624090852
41,102,5,1639896675
0,39,5,1625002909
115,143,4,1698314000
135,40,1,1637909133
128,59,3,1652540067
153,58,3,1664808510
31,5,4,1643638901
118,53,3,1648841537
120,111,2,1614079346
97,141,3,1676341227
26,85,5,1620825944
95,89,4,1652542533
150,140,4,1611437012
31,135,4,1697678567
58,67,2,1660166183
29,21,4,1649520723
65,132,5,1671977310
89,54,1,1675223654
31,16,3,1671886182
137,8,5,1630864304
36,107,3,1619379916
164,89,4,1678930894
102,114,4,1641651501
14,119,3,1676685482
109,92,4,1601510385
158,32,3,1638430461
107,37,3,1609056813
58,55,3,1695403168
3,80,3,1653885462
77,40,3,1649015749
35,146,2,1651006273
153,127,1,1651683074
183,6,5,1660640725
116,68,4,1690356206
22,122,1,1691058185
182,13,3,1676308316
79,98,4,1600738687
7,130,4,1652922260
14,38,3,1602738827
106,81,5,1663075090
157,149,5,1684056423
51,69,4,1690724385
63,106,3,1617458670
168,107,3,1655764444
104,95,4,1612333686
23,65,3,1637505032
101,64,4,1626434190
70,120,1,1690234329
163,100,4,1687298639
133,39,3,1689116132
111,131,3,1611969308
13,57,5,1629755166
194,66,3,1600667142
43,107,4,1641551214
97,83,4,1683842231
190,17,2,1604684712
184,133,2,1697910253
132,137,2,1697426354
162,111,5,1609883477
64,105,2,1642201978
123,25,4,1619395726
64,23,3,1631810742
127,47,3,1659522840
23,100,4,1677848888
92,24,1,1602301279
193,47,5,1653162429
191,61,5,1687619146
130,42,5,1625849391
138,103,3,1631657724
83,92,2,1645285651
84,94,4,1652912093
154,109,2,1612433360
80,2,3,1610490284
36,113,4,1674176608
165,69,3,1673197737
185,27,3,1634046800
116,40,2,1617526492
73,53,3,1624650904
134,65,2,1650447898
158,36,3,1645946672
161,101,4,1656165575
154,31,4,1625859121
18,23,4,1677661898
10,134,3,1675781733
101,101,3,1622671937
84,3,4,1611876556
96,34,5,1629837564
19,101,4,1660798287
14,124,2,1654526432
15,84,3,1653351604
3,48,3,1667575795
1,105,4,1639859852
90,40,3,1602998724
38,41,3,1630401582
183,74,3,1661136952
88,51,4,1684217059
166,81,2,1611340295
162,34,2,1696237358
134,4,2,1688297883
123,45,4,1657172779
57,117,4,1648948281
155,13,3,1641765623
48,34,2,1630222094
13,115,4,1666351190
54,111,2,1670621198
157,113,4,1679137668
19,144,2,1645412150
112,115,4,1641536549
127,41,4,1687738960
191,116,5,1689081020
63,20,3,1666104972
104,136,4,1627478874
77,33,5,1683239872
15,35,1,1648490378
55,130,3,1602477522
181,43,2,1671232831
135,67,1,1623735552
148,0,2,1627706432
159,143,4,1691923190
141,6,5,1676805399
116,117,3,1621270401
127,44,3,1600339501
194,27,4,1695965436
45,71,3,1610853128
111,112,3,1669018171
23,70,4,1673964752
96,67,5,1689810503
17,74,3,1672884444
107,86,5,1625820715
16,101,4,1607379667
49,57,3,1611407000
89,66,4,1696921704
65,79,3,1618933296
78,51,4,1635140238
188,115,5,1661906770
121,117,4,1652598623
177,66,4,1627741096
57,18,3,1610337880
16,117,2,1617684491
176,62,2,1695990486
35,50,4,1666190029
170,38,3,1646399501
83,108,2,1608745903
165,17,4,1656546380
66,20,3,1664885587
55,59,2,1674145039
134,126,1,1623745739
130,2,3,1668832364
24,27,3,1676431857
197,63,3,1672677522
107,112,4,1652502482
166,149,3,1661290542
108,28,3,1694963443
114,66,5,1699724842
70,69,4,1613415885
71,39,4,1607093177
52,82,1,1624100737
101,75,4,1648585463
120,64,4,1626272182
176,95,3,1656483710
140,129,5,1671905791
96,75,4,1610372621
196,131,4,1678053242
36,64,5,1679056575
165,45,3,1659219245
121,50,4,1620716739
59,73,2,1632994696
9,8,5,1619045302
26,65,3,1609756225
109,38,4,1612081322
114,127,5,1691062367
116,93,2,1608700467
123,68,4,1688592484
119,133,3,1632191810
65,142,4,1697783420
194,122,5,1628375149
80,38,3,1671178525
89,109,3,1653780486
142,83,3,1607660977
71,31,3,1614598463
197,32,3,1691369320
58,0,2,1638765759
122,64,2,1631094973
25,106,4,1691345987
66,17,3,1609345185
116,14,3,1695987075
11,32,4,1664219408
59,62,2,1651428358
47,16,4,1607685318
134,108,2,1686710567
71,48,4,1687630238
56,67,4,1624626339
157,115,5,1669668964
90,81,4,1621804752
30,42,3,1614707901
128,8,5,1642511857
53,129,5,1659089601
99,116,4,1642641089
64,16,4,1668737335
143,129,3,1625429620
98,20,3,1616227089
23,72,5,1605819172
155,136,3,1613486808
17,30,4,1696102900
71,144,4,1659242261
1,12,3,1687963513
15,36,3,1667409294
52,46,2,1647934562
187,68,5,1608446493
166,25,2,1646452254
168,47,2,1638802206
93,135,3,1605110736
16,66,4,1625062338
93,31,3,1605163799
150,84,3,1643257653
77,47,4,1627306100
52,110,4,1658708628
58,58,3,1657876902
154,124,2,1688172032
97,85,3,1628682586
135,82,2,1678066397
90,129,5,1690633899
90,14,2,1675151882
123,107,4,1624413722
52,67,3,1630579333
20,31,5,1666088948
168,104,2,1642433136
4,124,2,1644928146
31,148,4,1655785539
68,74,3,1688866296
56,138,3,1689149372
146,5,5,1699642226
178,31,3,1654381533
106,132,3,1631255143
88,43,4,1605802469
122,1,3,1635549618
121,41,5,1672945386
92,10,3,1633720888
98,40,3,1634326263
147,9,4,1680305620
42,8,5,1686140664
106,11,4,1636012273
122,88,1,1695690296
136,148,5,1603345736
35,110,5,1646764340
147,2,2,1693465947
158,148,4,1662736591
153,37,3,1613712563
10,30,4,1657484594
110,86,2,1675517159
19,25,4,1608538249
99,62,4,1640310430
116,52,4,1606637721
178,137,2,1661933596
90,27,4,1691538477
2,26,4,1612720475
3,15,4,1619079765
127,61,3,1618322702
108,1,1,1654989687
59,35,3,1658906916
133,37,4,1664092744
50,102,5,1638471328
22,125,3,1661170221
171,116,4,1656362492
154,87,4,1691288946
193,19,2,1613929197
118,22,3,1623660884
143,143,4,1655936869
117,12,4,1654956056
86,139,5,1621798512
66,136,2,1682646937
82,109,2,1617518592
165,135,3,1672987217
86,72,5,1631468135
88,95,5,1616889419
108,41,5,1662250808
78,59,3,1666502686
188,99,3,1689288001
95,31,5,1638905210
14,74,1,1645981090
135,10,2,1655472871
160,65,3,1680370333
53,50,5,1633335285
77,90,3,1659867321
55,5,5,1685398823
103,22,3,1637102934
90,140,5,1640984257
48,35,4,1602266317
155,121,3,1679457447
57,124,3,1638039701
166,133,2,1611150587
197,35,5,1625437130
171,64,5,1683755688
10,88,5,1678898179
162,124,4,1673253656
53,5,4,1644292211
0,122,3,1698926493
68,27,4,1653678584
130,87,5,1617034057
32,16,4,1633600380
162,57,2,1640146737
100,107,4,1604842977
27,119,4,1641410635
198,96,4,1614288758
104,91,4,1684517653
14,123,3,1694224691
184,114,2,1603124215
129,72,3,1601248774
17,44,2,1632270205
153,80,4,1683830257
136,42,5,1624753431
117,91,4,1611030624
71,131,3,1617082911
101,133,2,1634688483
161,4,4,1670268340
3,95,3,1600591891
101,109,3,1623539960
23,10,3,1695857338
64,6,4,1670309739
94,76,1,1662200336
54,76,2,1683990947
73,123,2,1683110038
0,125,5,1685966482
119,127,4,1686701775
77,61,4,1638010121
73,20,4,1678705202
175,101,4,1614496879
27,91,4,1644829528
134,98,2,1632735821
196,21,3,1653717017
70,38,3,1630863715
37,59,3,1693014904
186,39,5,1678286192
38,117,3,1625418418
96,44,2,1673206445
114,84,3,1654017027
28,70,3,1600787749
11,56,3,1633748851
176,121,5,1622217060
144,84,4,1607396996
15,30,1,1695526759
112,55,4,1657342254
55,92,3,1638298916
64,37,5,1640389806
58,111,2,1632509899
104,57,4,1634124315
54,116,4,1642855950
131,96,4,1697583655
108,134,5,1614840377
0,86,4,1693786025
49,119,3,1662839747
195,130,4,1658163023
34,79,4,1667313051
165,6,4,1639020680
186,149,5,1681605997
8,11,3,1654222727
163,138,4,1667933082
170,23,2,1612883103
145,105,4,1651263095
110,9,3,1630807145
63,64,4,1638053271
178,36,5,1632740389
12,10,3,1631437362
69,81,3,1641363473
48,144,3,1604427052
109,27,4,1640553957
107,60,4,1671174926
53,115,5,1615069580
182,65,5,1684306089
146,74,5,1622329022
168,61,1,1672361770
127,38,4,1684830610
175,90,3,1618538509
159,118,4,1607093334
178,35,2,1630477867
23,42,4,1650286456
42,28,3,1627923828
122,81,4,1641263471
121,114,2,1606139127
123,90,3,1697635383
181,69,3,1638932951
178,130,2,1633070495
170,102,5,1602464275
107,91,3,1604964508
89,12,5,1664220776
70,82,3,1637933706
190,60,3,1698453009
77,114,4,1684770047
192,63,4,1623533728
168,57,2,1674901294
146,29,4,1674284683
175,91,4,1636457804
30,137,4,1689185925
188,44,3,1685903081
151,127,5,1648248087
114,13,4,1652806466
176,115,5,1603610573
19,21,3,1668907244
116,136,5,1654798983
189,27,3,1671297628
52,79,4,1652382072
130,106,4,1692809441
34,108,5,1641062146
165,1,4,1680616883
134,99,1,1629985398
113,93,1,1672750617
145,75,3,1694257452
3,126,3,1620448747
14,40,5,1661977985
162,142,4,1628957352
158,138,2,1687151533
166,104,3,1678828117
85,144,4,1617815583
55,118,4,1667379866
163,50,4,1608115188
170,117,3,1691355541
151,31,4,1651008495
100,15,4,1646614268
160,46,4,1601297270
54,108,3,1680106501
136,130,4,1602502055
4,92,3,1680588185
82,61,5,1641604607
184,16,3,1669238470
60,138,3,1651604257
189,144,3,1617422586
119,148,3,1648593630
16,128,4,1673480349
193,62,1,1613363828
143,22,3,1648026029
170,7,1,1627300221
113,121,3,1656201728
72,35,2,1605990369
199,144,2,1605464862
69,89,3,1647938407
102,125,3,1694539449
50,17,4,1659442694
91,142,4,1668231040
163,85,4,1608455678
80,136,3,1693530794
2,146,5,1641173100
121,110,2,1656085326
47,113,5,1622848118
167,22,3,1606350308
73,96,3,1675518972
33,2,3,1621152735
184,88,5,1626582741
142,130,4,1645823939
1,67,1,1606178132
175,29,3,1696400025
104,39,4,1699043346
189,62,3,1670888129
8,1,2,1616562309
138,130,4,1621329411
12,33,4,1619578935
130,103,4,1690620292
175,80,4,1658768825
105,134,5,1690414027
62,124,3,1649494131
132,23,4,1610026395
133,91,4,1696546957
191,134,3,1675667106
10,45,4,1662545683
180,96,4,1653432756
122,7,2,1647419384
31,95,5,1661821068
126,50,4,1627422422
153,133,2,1687428898
55,120,4,1667297011
135,62,3,1629635771
31,62,4,1665522627
177,55,2,1653041291
133,128,4,1655765616
108,20,5,1680086490
59,32,3,1610211699
149,42,5,1617865137
1,96,3,1648232039
47,143,5,1643004356
55,121,3,1663129173
154,36,4,1671153025
144,31,4,1673159459
54,51,4,1690623480
178,124,1,1634051931
18,122,2,1632875949
2,126,5,1645905184
123,141,2,1627624814
132,91,2,1604030331
58,44,2,1616741332
89,24,3,1623570710
21,33,5,1655734780
95,149,4,1698509940
190,80,2,1682159564
120,65,2,1640155904
9,124,1,1642319862
168,103,2,1686654481
79,17,4,1642196093
123,124,5,1618872517
140,95,3,1603244985
104,43,2,1616889723
120,99,4,1683164863
127,53,3,1634799121
177,143,5,1660363267
172,4,3,1631141191
48,95,3,1675598285
71,134,4,1619359938
44,58,3,1671211428
3,96,4,1623739777
104,124,4,1641445631
14,26,2,1685702708
116,35,3,1693634645
187,44,4,1679711349
41,5,4,1672313758
106,117,3,1606322799
172,138,3,1648053939
10,25,1,1640464505
187,29,5,1614840411
159,106,3,1662953004
1,6,3,1658593154
60,63,4,1693707239
62,93,5,1630468332
177,59,2,1620808465
66,22,3,1650526372
42,64,3,1629676402
116,15,2,1682332617
101,15,3,1659600750
122,24,3,1699793531
2,11,4,1674926333
144,10,2,1615693902
193,25,2,1654193839
53,59,2,1696275485
0,4,1,1616767944
25,124,3,1608250925
107,59,3,1601820810
52,132,3,1663248432
11,15,3,1672607645
123,38,3,1688144016
12,121,3,1629456288
122,38,3,1677550388
74,104,2,1689627081
156,57,2,1628095872
190,108,2,1640226708
66,82,3,1647269798
94,6,4,1680467822
36,77,5,1602110245
160,85,4,1683968250
54,20,2,1621810994
32,69,3,1663183080
59,58,4,1691580268
58,83,4,1624305483
82,15,2,1618610981
174,113,5,1641713193
194,21,3,1628585596
153,14,3,1622592888
8,61,4,1621909949
8,130,5,1605431967
11,37,3,1609847582
77,92,4,1601317021
10,98,5,1628391421
37,12,4,1605624566
157,43,4,1609761382
112,111,3,1697486995
199,91,3,1652106624
106,70,3,1684220128
76,139,4,1685820295
48,71,5,1694353258
88,141,3,1683904183
124,86,3,1616903790
127,94,1,1667146306
25,144,4,1626514733
109,101,3,1651246120
28,122,2,1625699151
159,105,5,1658493417
149,67,3,1680834622
169,23,4,1695604608
28,62,3,1618832509
114,113,5,1674296023
194,140,4,1608718456
25,7,1,1664495816
79,47,5,1620218486
61,6,4,1630911101
102,100,3,1607988875
174,6,3,1693661528
47,57,4,1619984477
119,106,3,1666799051
102,65,4,1684046361
48,44,4,1630462138
184,75,3,1626169739
57,3,4,1647676514
104,137,4,1673204550
130,76,3,1647155151
2,143,4,1679059924
57,101,5,1669179061
107,108,4,1672305240
42,113,3,1602331276
76,148,3,1632216521
47,39,3,1699220362
82,18,2,1666252828
111,17,4,1615293596
110,89,3,1604602451
50,30,3,1628890397
150,94,3,1660729647
78,29,4,1686828586
14,67,4,1664819610
140,65,3,1628712989
152,118,1,1637139271
191,125,4,1684188312
183,31,5,1677388558
95,113,5,1633579520
168,60,3,1624491478
90,76,3,1617304498
160,100,4,1647134535
34,4,4,1605921579
189,85,3,1644714882
96,14,2,1601104347
191,143,4,1673621285
34,59,3,1642928584
156,51,2,1600932441
100,77,3,1668810540
56,70,3,1630447414
2,103,4,1610748865
157,36,5,1656910501
42,83,4,1695442831
165,122,3,1679226182
71,3,3,1666949609
37,72,3,1611456677
1,72,3,1646656739
14,29,4,1653106570
168,26,2,1661817322
179,30,5,1615964646
162,32,4,1681659901
148,98,5,1654703930
4,26,2,1691459377
84,130,4,1684874932
137,52,5,1622269489
10,108,3,1602811546
59,115,4,1661348926
34,123,4,1623229044
23,118,3,1645700532
108,44,2,1656099307
192,33,4,1611523389
60,73,4,1692097341
129,85,3,1615919839
133,141,4,1658072049
134,139,4,1638925014
55,43,2,1648652090
120,51,5,1662768495
91,123,4,1662257452
47,69,5,1607815308
176,41,5,1637318207
168,76,2,1691540461
85,74,5,1636624474
97,86,4,1660428361
94,90,4,1631111589
153,132,3,1623215490
85,40,4,1677655992
78,35,4,1619073818
196,105,4,1659535318
161,73,5,1647898095
147,138,3,1692884594
50,90,5,1623159875
72,21,2,1627551946
94,11,1,1626160705
90,56,3,1662359274
45,90,4,1669206559
102,14,3,1665733762
54,119,3,1608345564
160,25,4,1668227536
96,90,3,1645771438
87,66,5,1605629641
69,15,4,1680873838
131,6,4,1697903748
120,25,2,1666544713
55,132,2,1676861362
153,134,3,1636823802
174,76,3,1627974079
50,117,2,1659555054
156,109,3,1649871946
122,16,3,1663345648
165,133,3,1602620296
91,117,4,1600133831
72,31,3,1612190365
109,149,5,1614372229
109,111,3,1605493236
174,43,5,1654826177
8,112,4,1609489542
198,135,4,1620756089
124,11,5,1616153232
26,124,3,1659730908
94,140,4,1655629932
90,135,3,1625059112
56,130,3,1636840361
98,103,3,1600832118
2,59,4,1634456890
70,9,5,1616794996
149,102,2,1639222820
87,78,3,1666320498
50,129,5,1678099310
76,116,4,1613844460
124,106,3,1661735039
117,128,3,1665338052
113,148,3,1645923508
195,84,2,1682550448
27,131,4,1651800945
96,3,4,1671626104
125,83,3,1611229468
72,128,4,1665103338
80,91,3,1658925909
0,130,3,1696657400
198,77,3,1602897992
15,116,4,1634755828
54,64,4,1645632379
8,95,2,1603050767
64,142,4,1620077589
59,47,2,1625756950
26,14,3,1699896054
2,132,4,1640667477
37,75,5,1621365414
49,0,3,1642154633
64,26,5,1677658323
104,113,4,1690330881
1,73,3,1655369113
92,44,1,1676721236
93,141,2,1620364987
65,74,2,1697196358
94,39,4,1622338137
134,10,3,1698467974
194,13,3,1639160665
92,127,4,1676800985
123,27,4,1638714392
66,91,2,1644550415
115,7,1,1644078561
152,77,2,1696849204
83,26,3,1681486094
89,116,4,1608624894
117,107,3,1653749865
171,44,3,1699799881
134,55,3,1669473814
65,6,3,1655345158
154,99,3,1652266880
7,102,4,1654729197
76,8,5,1685030647
178,1,3,1662353520
159,10,3,1624552515
74,110,3,1616235789
56,41,4,1638871979
11,11,2,1633697272
181,0,4,1639062533
93,11,1,1690358522
17,89,2,1690166138
6,23,4,1661296847
69,36,2,1672034373
27,55,5,1631181189
46,25,3,1669002784
49,84,2,1688749953
181,82,3,1699615983
17,35,2,1636359508
101,49,4,1624369766
79,8,4,1652542499
60,18,3,1669845196
69,74,3,1659618885
147,124,4,1618853560
160,90,4,1618834675
96,143,4,1666802212
23,5,3,1648439776
34,125,4,1625900974
58,23,2,1682707099
85,70,4,1600539957
53,48,3,1664913152
183,85,3,1612233321
37,131,4,1606054140
158,18,4,1603560854
190,42,4,1696354576
6,145,5,1694400955
20,90,5,1692228490
163,81,3,1688472198
116,59,2,1645939205
168,37,1,1690938709
121,94,1,1630150152
138,61,4,1665091024
85,80,5,1648501997
86,74,5,1629213794
161,42,3,1680142830
122,76,2,1648282349
2,129,4,1604144554
37,91,5,1638266113
19,105,4,1622292415
152,8,3,1677179238
69,124,4,1640394791
28,3,3,1661664193
47,49,4,1696888807
185,16,3,1687774588
25,104,5,1674777826
126,144,4,1609191989
121,136,2,1699287063
107,32,3,1677821577
123,22,4,1666919707
127,33,5,1699739203
11,103,5,1660472005
186,26,4,1624385151
142,81,3,1635761992
74,140,3,1655362060
31,0,3,1627802575
8,40,2,1641495909
2,5,4,1648641271
176,42,5,1606666085
18,55,2,1681074868
159,38,5,1612144975
154,120,4,1684872566
71,9,3,1623460746
157,22,4,1606555002
195,98,4,1644040350
161,141,3,1690314659
101,116,2,1689633128
53,41,5,1638918499
20,135,5,1622936081
78,67,4,1639139839
138,21,4,1699956366
34,23,4,1650770276
107,62,4,1645196375
181,12,5,1670269857
59,78,2,1627012337
171,2,5,1620837502
2,81,4,1633405018
143,138,3,1667819491
79,92,4,1646223109
181,32,4,1638434146
53,1,3,1636273521
57,109,3,1621343461
134,137,3,1688351376
72,5,4,1690802835
76,65,4,1660258732
189,28,3,1652644359
187,9,4,1689436896
150,67,4,1667110743
91,130,5,1640075526
122,58,1,1663351048
34,147,2,1668622277
83,40,3,1666064383
112,60,4,1622620941
172,134,3,1637430765
133,79,3,1610582844
155,131,3,1615303276
5,102,3,1645409189
176,66,4,1647942560
145,41,5,1643558392
177,128,4,1631117623
73,81,4,1655206143
74,79,1,1606472382
163,79,3,1647792493
70,101,5,1689070405
92,4,3,1620482629
3,32,2,1641431096
20,79,3,1639459833
168,142,3,1613202064
56,139,3,1665877258
73,89,3,1682231550
4,74,3,1616045819
35,133,2,1654874009
117,8,4,1688906972
39,124,4,1669261079
65,136,4,1613064678
57,94,3,1698425971
91,93,2,1656780653
143,123,4,1649438958
63,74,3,1642069510
100,31,5,1655720554
82,45,5,1677425091
39,53,3,1634082454
153,16,3,1666757130
6,148,5,1671376420
87,33,5,1630571912
69,16,4,1649427248
63,41,4,1681034591
56,21,2,1628621120
116,62,3,1692178258
136,27,4,1640297532
171,25,4,1603214487
110,81,4,1678162162
77,131,4,1663052040
172,69,4,1633941973
96,116,5,1664870475
86,97,4,1604313719
4,34,2,1676278189
116,135,4,1665163943
192,70,3,1693334981
133,110,3,1605204985
4,89,5,1619679689
65,53,5,1631672827
52,37,1,1630442813
4,128,3,1633068207
110,38,2,1603379257
62,19,3,1625833457
155,119,3,1631660504
140,115,3,1611841971
118,136,3,1606300937
104,119,4,1665826227
196,145,4,1692154489
194,4,3,1630899110
161,24,3,1699476622
195,128,5,1653929503
145,108,3,1604787519
4,42,4,1665197368
92,7,3,1678945794
147,126,4,1630565010
149,117,3,1636838284
163,13,4,1626508606
173,78,2,1687559578
85,7,4,1684641232
65,64,4,1648192533
26,112,4,1692523594
80,124,2,1605841626
88,48,5,1647196925
121,112,4,1687897946
168,44,2,1672657909
136,129,4,1678819291
1,132,4,1653168910
15,53,3,1646595709
192,38,3,1695689071
191,56,3,1672009139
92,81,3,1686731107
90,13,4,1655709475
94,94,4,1602268089
40,64,4,1662651598
194,115,5,1623302209
125,148,4,1672964452
51,58,2,1652468505
80,18,3,1687365436
48,36,3,1646838394
181,98,4,1671973954
127,58,4,1646269027
102,148,5,1611697256
187,123,4,1645812671
95,13,5,1636916129
191,136,5,1646605029
118,56,3,1684211841
121,51,1,1641280802
133,49,3,1610767765
155,97,3,1615621494
22,25,1,1693337872
171,14,2,1667273310
124,17,3,1644434298
19,142,4,1680566577
77,84,4,1638825671
89,35,3,1630553656
124,90,3,1641878160
122,120,3,1674519426
174,118,4,1616970012
43,119,4,1693132165
61,97,3,1617801574
20,33,5,1676282669
121,74,2,1692387411
167,114,3,1633444712
138,44,3,1653805046
101,135,3,1666866833
182,71,5,1679464182
174,62,2,1629457902
88,25,2,1695790446
57,66,5,1683111960
79,139,2,1692740385
130,57,4,1684124610
172,132,4,1661249578
138,113,5,1697574700
168,89,1,1624674326
10,16,3,1622275939
51,131,2,1624233091
114,138,4,1663832042
149,70,3,1664938070
77,71,4,1628093527
178,50,5,1651753033
55,108,3,1649742424
181,145,4,1685275041
76,28,3,1612852842
44,85,4,1677088844
184,15,1,1697218794
67,8,5,1659323107
116,137,3,1666118727
57,45,5,1656477025
83,3,4,1684692883
116,38,3,1626456516
31,114,3,1694808206
80,65,3,1618716253
167,62,4,1693285052
166,89,2,1617118205
121,48,4,1607841639
145,104,3,1607514158
147,22,4,1693633454
52,3,3,1643451951
164,71,2,1684230168
49,110,3,1697802355
101,95,3,1663995022
45,124,3,1616671499
45,32,3,1650031724
67,81,3,1639748122
122,18,1,1643568007
73,63,3,1683975763
196,79,3,1600289461
153,73,3,1659539812
143,61,3,1697688965
117,83,2,1680128264
63,26,4,1655167853
1,86,4,1675950442
57,105,5,1617683637
75,21,3,1660513799
74,142,4,1622146587
195,137,3,1619729542
156,148,4,1648341458
92,16,2,1645929931
40,54,4,1671331417
146,143,4,1600362545
52,83,3,1653281280
198,89,3,1668813407
113,34,3,1607526841
65,139,3,1641128559
167,40,4,1655787351
108,38,3,1604582583
122,13,4,1638592383
59,92,2,1663472880
4,146,4,1655365004
95,42,5,1625697623
183,105,3,1666611117
70,91,5,1610422025
145,30,3,1612514116
163,5,4,1683018634
121,109,3,1695032367
112,59,4,1682159681
133,5,3,1629540042
111,111,4,1659849097
39,29,4,1663376715
15,87,5,1629522057
14,129,5,1627517446
6,95,4,1637473426
198,141,2,1692384284
163,9,5,1636718192
153,94,3,1633149641
151,39,4,1636440408
23,4,4,1660676225
36,73,5,1657470846
171,5,5,1662532537
120,128,4,1699978354
182,62,3,1631863117
72,47,4,1673605456
101,140,3,1649917186
188,2,3,1633178706
49,45,3,1690644475
77,103,4,1678140038
159,144,4,1671033805
161,84,4,1688493077
66,145,3,1668584170
8,22,3,1638661141
71,115,4,1694935218
180,146,4,1637277714
20,140,3,1625913398
173,42,4,1695347677
196,75,4,1616272693
173,141,2,1651172129
122,45,3,1687634857
154,100,3,1658194112
149,41,3,1623694546
74,119,1,1657307163
52,18,3,1661499800
106,44,2,1697024983
190,51,3,1684076366
57,119,4,1684866674
77,36,4,1695465564
176,76,4,1656293530
170,100,4,1627571932
145,5,3,1626870704
31,126,2,1616703119
150,125,4,1643764108
41,75,3,1690199464
34,21,2,1666001633
120,6,4,1664110316
67,57,5,1636846277
96,41,5,1627960859
163,69,4,1614015038
122,99,4,1612659631
30,120,2,1613484626
33,98,3,1620544254
3,90,3,1619355967
162,11,5,1629998098
155,72,3,1617827169
8,6,4,1689288734
181,63,3,1669648835
70,61,4,1674737558
104,138,3,1600579375
106,142,3,1679918674
70,37,2,1607378218
115,142,4,1682307835
158,115,5,1633014351
111,108,4,1612306466
0,28,2,1660512854
71,21,3,1650323099
50,20,3,1648332504
66,53,3,1677117700
106,122,2,1670108010
28,81,4,1630095751
182,10,4,1676015710
169,54,4,1638471380
78,102,4,1679137908
69,140,4,1600953692
91,79,3,1678175687
17,17,5,1606030067
55,140,4,1678731235
35,16,3,1625847189
149,52,2,1685543218
155,15,1,1611576034
130,147,2,1627019341
133,98,3,1625887553
8,97,3,1631940488
131,97,3,1697114494
157,105,2,1676071588
19,92,3,1608464886
66,94,3,1674998081
160,5,5,1674571192
183,28,3,1615924489
180,113,2,1611338661
159,120,3,1645363242
81,42,3,1661186191
3,21,3,1621126381
95,107,5,1631172000
10,120,3,1606614730
161,59,4,1617555176
66,10,3,1696183660
63,29,5,1645227157
118,78,4,1619982178
73,40,1,1665955453
178,14,3,1696836459
88,84,3,1604420841
199,66,3,1679454072
45,88,4,1694021996
92,90,4,1657243641
193,45,4,1614701399
76,100,3,1615688277
17,76,2,1653253895
92,42,4,1678818093
12,135,4,1656143296
172,112,4,1680546180
188,49,4,1602890424
79,3,3,1699535717
57,35,2,1695875637
53,28,4,1686469670
82,23,3,1685517282
0,75,3,1651269651
158,140,4,1684478888
186,86,3,1667723321
82,3,4,1651829243
178,107,3,1601015037
111,136,4,1649658673
31,25,4,1633729307
57,0,3,1689194923
45,70,5,1671254376
76,41,4,1602548004
78,53,3,1619926051
170,55,3,1658479526
177,39,5,1616922078
177,83,3,1694142270
138,126,4,1633087986
76,58,3,1605644506
153,109,2,1611973255
65,77,2,1676708557
145,45,3,1664567870
160,66,4,1686381909
79,107,4,1621316148
47,2,3,1696881433
123,126,2,1652972716
26,105,5,1631988053
12,117,3,1619828945
86,138,5,1622926925
196,94,2,1660149351
141,126,4,1678069456
136,107,4,1641786720
78,128,3,1684924269
169,40,3,1684015432
172,36,4,1698577733
191,84,5,1616382962
123,41,4,1669827245
11,76,1,1633335924
129,95,4,1680045215
127,59,5,1660293944
78,27,4,1646311129
34,77,4,1699346556
173,34,3,1689619607
196,76,5,1645048153
183,121,3,1690771016
94,87,5,1687060597
153,18,3,1631384939
42,67,4,1682842414
143,116,5,1658719825
31,10,2,1631354630
42,125,2,1695191303
85,99,5,1619510469
154,113,4,1622718265
28,26,3,1621587279
117,134,4,1664784119
67,85,4,1661716809
133,38,4,1609366715
6,21,3,1640973069
105,149,5,1600069789
26,90,4,1661322927
186,10,3,1623970536
187,57,5,1648589191
65,126,3,1647034201
162,95,4,1653510973
104,83,5,1621403382
147,125,2,1623007556
34,9,3,1631848820
150,81,4,1625729538
140,93,2,1607395580
34,87,5,1698062730
21,91,4,1662135959
36,136,4,1687371240
55,126,4,1689564840
64,47,4,1677344935
40,81,4,1626254950
40,12,4,1646270071
192,97,4,1600073803
79,109,2,1674448082
199,120,4,1697744117
65,8,3,1604838917
89,97,2,1675815432
95,24,5,1640215331
42,50,3,1642035826
106,123,5,1668807192
6,113,4,1658416085
57,58,4,1684359830
130,70,3,1678161747
134,60,3,1601519278
83,43,4,1612716098
112,23,4,1653572549
160,35,4,1677909650
190,18,2,1696714883
167,63,3,1646445565
157,117,5,1651155054
28,64,5,1652707137
153,27,2,1682137960
25,113,5,1698828202
115,77,3,1644226373
18,25,4,1634544042
54,12,5,1604020234
127,68,4,1660213130
113,86,3,1640591533
183,90,5,1669126193
101,87,4,1684451562
58,126,3,1659100752
155,86,5,1602194207
116,41,5,1698732720
130,74,3,1604612157
31,78,4,1674788802
98,105,3,1672581072
91,67,3,1635668978
71,132,3,1680548084
145,69,5,1667017030
73,24,2,1635041909
188,93,5,1687612769
106,133,3,1699923069
3,120,2,1638974691
145,146,3,1603637064
77,39,4,1684566672
83,85,3,1623939724
101,99,1,1614643436
77,116,4,1673223184
139,89,5,1619809524
180,63,4,1653123686
102,147,3,1623788038
38,102,5,1623993697
8,58,3,1628203834
139,137,4,1605750536
71,139,3,1621001620
55,82,2,1632192830
195,25,5,1628634185
45,31,3,1653678325
20,101,5,1687454096
44,55,5,1650802912
14,49,3,1651996827
112,48,4,1602994000
91,128,5,1677244583
117,31,5,1629291218
173,145,5,1651272738
136,65,3,1652362068
54,134,4,1645889553
129,57,2,1670766174
187,62,1,1605590892
198,98,3,1607450131
15,110,3,1644196812
50,118,5,1626677433
14,56,4,1699022362
166,23,3,1671067743
69,56,4,1666114595
48,25,3,1630772111
179,122,3,1696550902
64,110,3,1691013366
168,11,3,1679467846
168,15,5,1663796691
23,130,5,1634261605
104,131,4,1662126350
198,99,3,1642751771
106,86,5,1680939589
90,113,5,1697835593
101,103,3,1689501655
82,114,3,1618502360
164,58,3,1602419310
179,66,4,1674707213
184,56,3,1697144819
112,80,5,1688738503
22,130,5,1646007520
133,144,4,1622776668
123,69,3,1662798196
104,99,4,1630656974
0,101,2,1619203454
133,42,3,1687899386
161,39,4,1665815039
2,18,4,1627321941
155,8,4,1684598328
30,13,3,1695350445
30,1,2,1622176114
196,129,4,1654232365
186,7,2,1624026979
125,89,3,1698198380
120,97,4,1658407025
143,87,5,1641495749
78,34,3,1666302666
196,16,3,1603424636
121,36,2,1617503384
58,9,3,1659537355
7,48,3,1684744305
180,90,4,1650145456
153,81,4,1628134129
78,14,3,1622663167
30,142,3,1662868642
57,23,2,1615871484
178,65,2,1667181230
167,97,3,1622892314
115,60,3,1666435900
167,80,2,1676163822
95,7,5,1655320704
17,144,3,1694723364
22,45,3,1622909000
59,82,4,1632342794
48,56,4,1667505551
198,23,1,1686787173
133,129,4,1679927407
43,147,2,1674162442
179,1,4,1644366905
27,47,4,1613981923
92,0,3,1605893576
86,14,3,1622471445
50,38,3,1651820714
168,124,2,1615950599
105,121,4,1626144691
114,44,3,1684418805
6,122,3,1648146293
106,45,3,1646448894
150,97,4,1646193214
183,0,4,1611397291
42,52,2,1612342292
109,41,5,1645642642
40,135,4,1618782016
179,82,5,1674029608
165,51,5,1619958847
3,10,2,1648221111
124,138,3,1630400519
74,26,2,1604370410
70,21,3,1653345831
130,140,4,1687227353
25,20,4,1612303629
136,66,3,1658483110
7,68,4,1684962572
102,95,4,1643722649
99,46,3,1615907387
68,100,3,1686326118
73,93,4,1621368034
64,42,5,1601268107
194,100,4,1609529425
194,104,5,1672222013
145,2,4,1611053233
4,82,4,1673096189
127,20,3,1660348917
3,118,3,1600140715
46,120,4,1624430925
95,41,5,1658202752
34,29,4,1674941004
86,5,5,1653171730
122,104,3,1647059805
163,37,2,1602260142
29,128,4,1699756221
0,133,4,1657776217
69,10,3,1684565670
19,91,2,1634231340
94,77,5,1695762908
55,129,4,1634805202
140,20,3,1676193400
69,29,4,1648358191
72,131,3,1679397729
181,47,5,1635291478
58,7,3,1607745380
47,121,5,1623005037
159,7,4,1668640614
65,21,4,1628291968
85,4,5,1607204828
24,46,3,1663035222
11,64,5,1676672368
121,61,4,1616279615
76,38,3,1696640647
22,97,4,1674098078
39,149,5,1681985641
4,11,5,1653901237
122,6,3,1697352814
128,136,3,1627360994
120,120,5,1606416325
59,12,4,1636729759
74,80,3,1617206328
155,29,4,1631815943
96,29,4,1675749433
118,9,4,1654727242
194,16,3,1633968444
83,4,3,1636516947
127,149,4,1642371789
20,81,5,1692892460
57,88,4,1618662563
153,33,3,1656745228
143,82,1,1641115016
16,97,4,1626843484
156,11,3,1681520695
52,28,3,1659437464
194,48,2,1683625010
100,78,3,1666615185
79,121,3,1687165013
125,17,3,1685480219
49,33,3,1682929169
1,95,4,1690374766
159,101,3,1686644395
199,142,3,1624181211
63,126,5,1624789530
86,31,4,1696916637
121,30,4,1675910870
163,7,3,1630976712
57,52,4,1618782723
77,142,4,1650540376
124,124,5,1674043765
180,81,4,1635909588
94,132,4,1664209258
177,140,3,1655603719
77,25,3,1667216310
117,139,1,1684383730
71,95,3,1601837383
77,82,3,1642159255
169,149,5,1689653521
168,139,1,1681505073
96,40,3,1675959443
38,47,2,1633410658
146,70,4,1687319885
131,123,3,1642604136
108,107,3,1608070311
70,19,3,1664627354
30,39,4,1694389074
136,33,3,1616217914
144,73,5,1631260817
94,23,4,1687707033
101,134,4,1647509657
118,32,3,1623490367
173,50,4,1654031555
96,80,4,1635748743
45,115,4,1614930828
149,2,3,1640147271
115,135,3,1614107303
104,127,4,1672199003
9,148,4,1620563574
151,5,3,1686774855
104,19,3,1656822308
22,107,3,1679614655
127,137,2,1608834566
133,70,4,1638579851
28,77,3,1669795794
77,75,4,1676149361
76,76,3,1600824629
179,67,4,1622286019
65,119,3,1693992387
74,17,3,1663329155
156,24,3,1675467378
196,51,5,1666020246
4,18,2,1662793812
120,118,3,1609600958
20,123,3,1673889770
64,43,3,1669895605
162,18,4,1633392676
76,78,4,1613862131
37,113,4,1660044153
133,46,4,1634457216
55,13,5,1647821338
11,99,4,1681857658
172,63,3,1605101300
146,85,3,1695401378
17,45,4,1664773323
135,21,3,1672842798
58,51,1,1646425752
182,90,4,1657580808
118,141,3,1605111401
22,106,4,1678664421
43,68,4,1672814188
147,137,3,1671169577
194,7,2,1644530011
104,109,3,1603990209
44,123,3,1603039279
20,121,5,1671865636
101,132,2,1615183874
24,135,3,1690259801
31,69,4,1623710108
147,60,3,1637361342
28,138,3,1683727729
196,149,5,1608162825
6,7,2,1646106574
2,75,3,1666240335
4,59,4,1625171376
28,56,3,1662265377
104,115,5,1646395038
6,2,3,1610566259
158,47,5,1666085161
125,130,5,1674370911
98,118,3,1626656944
64,133,4,1627971620
165,58,4,1685847152
130,85,3,1686088974
115,87,4,1673724747
16,67,4,1608969336
157,19,2,1681113490
110,16,3,1639680113
151,70,3,1685371132
183,94,3,1609231924
56,147,3,1600461914
37,45,4,1694481990
135,130,5,1696655428
65,17,3,1623612535
63,104,3,1665392663
85,28,3,1611101760
176,83,5,1683953852
77,26,4,1656158847
189,47,4,1696459611
126,26,4,1692711980
176,64,3,1609504385
85,27,3,1618188814
85,107,5,1654102625
13,138,3,1618980764
50,46,4,1647401343
13,18,3,1653768887
128,74,3,1699922749
63,102,5,1614665435
1,38,3,1638335436
125,135,4,1680986396
44,28,3,1675386916
192,77,2,1682941668
163,22,5,1610583919
185,104,4,1609077634
88,65,4,1625111055
15,118,3,1680637198
145,62,3,1627888939
47,97,3,1686460945
193,120,3,1610603588
74,70,2,1669648692
23,149,5,1689179895
90,71,4,1604261267
21,38,4,1689364038
94,137,4,1672575625
74,54,3,1611056060
7,75,3,1602172374
69,97,3,1672833063
26,100,4,1699629219
26,98,4,1615657194
138,124,3,1605472077
116,119,4,1699594341
18,73,4,1635926880
168,91,2,1615630654
66,108,5,1696939611
26,78,3,1640029248
75,16,4,1680317116
76,64,4,1651598541
16,110,2,1629502681
166,60,4,1661299064
161,103,4,1616842966
35,138,5,1685965955
59,50,3,1630950035
183,91,3,1639790394
85,123,4,1624740324
72,121,4,1617553297
113,92,2,1673094668
198,116,3,1688224646
133,66,3,1613139806
152,110,3,1629851184
40,24,4,1604815198
15,94,2,1667225111
155,38,3,1614662739
133,8,4,1664417166
65,84,4,1674309585
54,94,1,1698025394
66,103,4,1608594574
100,36,3,1623377811
170,6,3,1654899655
152,82,2,1610425238
0,43,3,1690439940
60,139,4,1641182728
69,100,4,1615772286
96,147,3,1653854325
38,80,4,1655818195
136,79,4,1641805338
110,134,3,1665349228
31,83,4,1629850622
20,59,5,1695192032
41,0,3,1631917584
146,62,2,1634012839
41,37,3,1678452868
63,25,3,1697111779
105,108,3,1653053513
145,55,4,1654868857
157,16,3,1663570661
46,64,4,1628520086
27,137,4,1686447920
168,81,2,1667970097
36,57,4,1617439552
70,12,3,1687925359
140,101,3,1671038966
143,75,3,1690870710
75,30,4,1693401293
40,78,3,1696904615
82,63,3,1690407133
174,104,4,1685021934
162,92,4,1602738757
71,133,3,1620337091
55,90,4,1691967351
190,0,1,1679481843
20,116,5,1669478220
112,140,4,1632435994
134,52,3,1693345816
34,144,3,1688088904
139,34,3,1691995188
154,96,4,1602949085
88,63,4,1659538020
192,104,5,1677097329
84,18,4,1643877112
94,9,4,1650222874
22,110,4,1614934950
110,141,3,1655408473
196,88,3,1605904917
35,28,3,1675311298
47,42,4,1620542002
155,149,4,1672237674
186,92,5,1637670675
83,148,4,1610476612
155,71,3,1623469316
106,75,3,1671000958
69,41,5,1687593690
184,109,3,1694273345
6,101,4,1680337952
167,46,3,1619770985
31,19,3,1691101859
73,88,4,1611806429
134,28,2,1680495801
56,146,4,1629449882
194,94,2,1636557914
172,78,4,1678043362
186,96,3,1690672837
114,27,5,1669154120
64,12,5,1600906253
199,127,4,1671536265
87,22,3,1644234452
15,34,2,1679046620
108,93,1,1646577952
39,9,4,1633806467
36,109,3,1612258277
35,21,4,1658426531
52,29,2,1633625670
3,144,3,1601954011
147,65,4,1698582169
144,26,5,1658983236
102,117,3,1617772030
119,107,4,1653152083
81,81,4,1643553927
198,91,3,1627250566
55,23,3,1642497399
70,43,2,1685930137
5,49,2,1675156764
130,124,4,1648173434
178,63,4,1614914442
153,75,3,1649356234
130,82,3,1646733234
52,111,3,1669350818
34,89,2,1687824605
147,100,4,1689463426
149,22,1,1687562548
55,19,4,1606807878
181,51,4,1644716860
17,22,3,1649115938
127,84,4,1637661965
159,8,3,1645700835
151,96,3,1631311341
167,21,2,1611893566
117,101,3,1617141317
189,6,4,1676040893
171,85,3,1622334793
162,149,5,1629334002
169,29,4,1696895290
110,112,3,1616612009
2,131,5,1639362685
155,52,3,1627475978
93,3,3,1684078647
67,41,5,1611243945
128,47,2,1669825059
69,82,2,1667084579
121,28,3,1610653254
67,126,4,1660816658
133,105,3,1607685592
140,134,3,1623086960
187,93,3,1622146024
174,91,5,1680403362
153,56,4,1672369385
94,21,3,1695936881
69,68,4,1631225208
0,126,1,1672357484
75,122,2,1696409568
182,128,5,1628012687
83,129,4,1634661327
74,2,2,1651309488
175,83,5,1628094023
44,66,5,1656491905
25,96,3,1678103121
101,22,3,1641382930
141,45,4,1695870732
117,94,3,1694425597
190,97,2,1691903081
114,139,4,1648987760
63,130,5,1692937335
2,120,5,1638781854
74,5,3,1609568554
175,112,3,1673067643
34,119,4,1614034945
147,20,2,1636429860
162,85,5,1646661829
99,137,2,1670859765
114,146,3,1680811505
166,5,4,1608164765
34,55,4,1601204721
50,79,4,1646257587
110,66,3,1671747751
196,42,5,1672901032
138,145,4,1657983527
38,125,1,1656671623
159,82,1,1609090374
153,4,4,1676652510
143,13,4,1679375863
139,149,4,1612192219
101,123,2,1631934067
195,31,4,1621860907
94,22,3,1685975971
20,103,3,1615471088
22,145,3,1653627100
134,21,3,1607304182
24,141,4,1622021007
181,77,3,1659200694
140,112,4,1614869889
96,142,3,1683063401
117,61,1,1640383016
161,62,5,1698339390
184,43,4,1650639471
26,89,3,1630020860
109,21,4,1641937307
143,113,4,1606960084
179,58,4,1663625516
101,40,4,1635384154
57,112,5,1665073839
31,147,3,1692110748
43,58,2,1688942695
91,143,4,1693259657
90,108,2,1617914684
178,28,2,1633871493
112,4,4,1646350025
89,71,4,1697544468
12,140,3,1639657967
88,17,4,1663788466
163,108,4,1698285680
38,14,3,1678559607
77,134,4,1609025140
76,12,3,1607126424
47,0,4,1666438404
163,115,5,1699212382
20,107,2,1644620288
179,93,3,1665340868
110,92,2,1631039536
60,83,5,1699696362
49,111,3,1687594881
21,142,5,1621681380
40,25,2,1612657252
3,45,2,1615713499
113,18,1,1682097735
59,40,5,1679621904
9,69,5,1657106590
124,58,4,1648846688
111,123,3,1639658704
13,106,3,1680050790
49,6,4,1660912766
27,65,1,1655441039
35,68,5,1681908464
181,117,4,1641953363
86,87,4,1685734850
76,50,3,1676802704
93,93,4,1620926812
152,63,3,1605503662
146,90,5,1606610462
193,36,5,1688726559
99,47,1,1684272696
41,105,5,1633062084
95,144,4,1637058215
37,20,5,1625903144
192,24,4,1638055488
126,5,5,1694731383
74,141,2,1615613683
49,5,4,1621551109
26,27,2,1661023358
5,128,2,1626765560
104,121,4,1614655257
63,72,4,1653799237
52,80,4,1698534281
12,57,3,1603037753
92,33,3,1602858266
17,103,4,1685298492
161,26,4,1667241776
109,28,3,1626593306
179,149,4,1600807284
71,5,4,1621966946
149,107,3,1676419317
195,115,5,1609674014
80,89,3,1617044757
23,6,3,1621310606
195,0,5,1679633440
25,75,4,1681502897
11,9,5,1602827278
119,121,3,1626870966
27,141,4,1691522604
154,69,4,1674021045
159,68,5,1615653146
166,45,1,1669056488
104,103,5,1612146695
48,29,3,1678281763
192,126,4,1638285833
191,49,4,1687878456
19,12,3,1677307136
52,99,5,1697866743
164,54,4,1602098032
108,87,5,1616490053
64,130,5,1630036554
116,34,2,1640200228
155,2,4,1672990687
116,120,5,1669457135
161,82,2,1685875820
155,146,3,1629271050
0,90,3,1653564540
147,106,5,1639308341
0,144,3,1620014027
47,23,3,1639072343
163,146,3,1607279671
134,93,3,1668088516
182,42,5,1686191120
99,18,1,1686186879
108,64,4,1686394023
159,83,4,1667377657
124,57,3,1624950864
70,144,4,1609002802
48,108,3,1647210890
173,26,2,1671537725
153,60,3,1658379409
52,142,5,1615832029
56,140,4,1655254570
120,15,3,1649618444
182,112,3,1696376853
168,30,2,1683718611
20,84,5,1666370112
194,118,2,1629719536
132,32,3,1637449468
157,133,4,1610891710
195,57,3,1698019898
95,136,3,1667003952
110,131,2,1658391883
116,76,3,1688406326
139,77,1,1675529976
77,83,4,1634393726
45,92,3,1653710160
103,33,5,1604691348
48,2,3,1693711053
109,103,3,1676783200
198,87,3,1631312132
151,107,2,1681584201
186,66,4,1695151117
83,125,3,1691641653
38,56,2,1668523065
186,145,3,1684742583
174,39,5,1671717134
192,65,4,1646452236
88,30,3,1638190871
7,4,4,1614683831
4,116,2,1662328846
37,63,4,1684934164
10,102,4,1650554512
168,6,3,1683197099
79,126,2,1656728232
123,81,3,1689121680
114,87,5,1692527865
117,70,2,1694749046
73,119,2,1644642557
14,84,3,1612504939
93,118,3,1671719466
138,66,5,1674992858
2,55,4,1625030934
54,97,3,1634364827
25,58,4,1668722215
75,144,3,1696193501
173,74,1,1627375008
197,80,5,1641937188
127,119,4,1658132265
95,137,4,1683189947
77,30,4,1651778281
20,65,2,1689732244
47,37,2,1655230707
147,50,5,1647515303
34,106,3,1692218154
79,134,3,1686334556
147,45,5,1650926729
94,63,3,1653542905
7,18,3,1639515249
122,70,3,1663595158
191,110,4,1664738234
16,80,1,1608239500
75,89,5,1672555817
25,108,3,1604554391
127,1,3,1662820255
93,119,4,1607582666
125,7,3,1665499010
120,133,2,1674630986
120,86,5,1628433114
121,77,4,1692015311
7,35,2,1694466195
30,109,2,1612703225
46,97,4,1663520508
10,34,1,1602393656
196,62,2,1600863690
77,118,3,1635434887
187,10,3,1642559535
123,113,3,1694137220
149,48,3,1673619131
179,144,3,1611018088
127,3,3,1655913427
183,147,3,1625966082
38,72,5,1697429998
19,139,2,1606340046
2,0,3,1696925622
47,108,3,1610580163
155,70,3,1602994288
92,11,1,1606758996
19,129,3,1640083792
121,45,2,1663093439
129,103,4,1678456313
59,43,4,1646367797
12,42,5,1680197255
89,47,4,1631643927
16,118,2,1683218393
59,19,2,1667337411
147,118,3,1639329072
129,21,3,1690454375
15,126,3,1693134271
65,85,2,1623136229
48,53,2,1655262486
168,140,4,1693523759
140,136,5,1670754275
166,92,2,1665985241
102,142,2,1677802843
130,104,2,1653618432
84,48,4,1679700430
183,98,5,1672455635
32,81,5,1631395699
31,12,3,1661195632
194,78,4,1662780613
191,47,3,1631093809
199,4,3,1611127181
154,82,3,1680657593
77,7,4,1611312350
126,37,4,1678596826
68,17,4,1673921305
190,66,4,1680774834
17,23,2,1626105203
34,92,3,1602832057
92,14,3,1654610769
9,142,4,1687353404
195,124,5,1621509934
103,101,4,1643263982
145,34,5,1687578981
158,22,5,1683216440
190,105,4,1614604512
199,149,4,1639956606
110,22,2,1606992941
144,78,4,1665189677
158,34,3,1663091342
111,82,3,1638322335
140,68,3,1682890610
176,61,4,1655028469
112,9,5,1691385779
72,132,3,1620909660
26,113,4,1610280492
4,1,3,1694827881
72,120,3,1647498885
179,81,3,1649511722
62,58,5,1620085936
102,119,4,1692920879
161,92,2,1615747463
78,60,4,1622840286
182,25,3,1682513133
49,102,4,1604310260
125,4,3,1625550398
164,53,4,1665710236
76,81,3,1667536744
4,40,3,1657254824
30,3,3,1668708508
194,64,3,1628255731
28,4,3,1634374328
154,88,4,1696806943
16,14,2,1608459136
139,69,3,1695668613
88,147,4,1639048748
11,117,5,1666744220
73,25,3,1631339259
104,75,4,1683610705
37,42,5,1611191658
159,66,5,1636881103
106,109,3,1619337224
80,59,4,1602190352
121,101,3,1657687774
114,32,3,1621826524
55,89,3,1609156914
54,16,3,1657597536
119,126,3,1683811865
34,126,3,1607392040
131,83,4,1643895241
61,99,4,1626504207
47,135,4,1655785257
133,120,5,1615249908
75,132,4,1600157621
11,55,3,1634173549
121,95,4,1618390785
10,129,3,1600897218
145,49,5,1681253535
64,76,4,1615913630
47,79,2,1606988575
195,138,2,1665545259
84,141,4,1686969045
37,93,5,1670630368
191,19,3,1641323706
143,5,5,1684857344
4,70,2,1658385085
59,94,3,1616633172
167,90,3,1634304517
100,0,3,1619098916
58,143,3,1602679602
131,53,3,1640555277
68,56,3,1648481690
71,118,4,1684244217
92,31,2,1668337104
108,52,3,1649899480
106,67,4,1682747089
47,32,4,1686970217
121,108,3,1656165060
94,14,2,1686337922
101,110,2,1667375072
8,106,4,1682329354
45,134,3,1686594315
109,93,5,1678848923
139,113,5,1626129248
53,44,4,1622943660
0,110,2,1642392785
74,36,2,1640421271
129,105,3,1628898484
182,27,5,1691422548
98,2,3,1601553603
89,119,4,1682865196
111,68,4,1672722257
107,119,3,1623424395
50,128,5,1646480892
34,120,3,1607426676
192,74,4,1697697559
47,125,4,1694856779
18,80,5,1604460423
175,74,4,1626488505
19,11,3,1606890987
39,118,4,1605011858
80,57,2,1634891594
180,73,4,1662981817
118,77,2,1632887558
198,41,5,1669258462
92,92,1,1667331680
188,58,5,1601408362
78,101,4,1696737434
188,142,4,1640041900
62,96,2,1644336215
13,75,5,1671831555
55,27,3,1636321036
33,40,4,1631992021
124,10,2,1632078482
148,12,3,1676891585
57,24,3,1624232958
131,129,4,1625520271
116,47,3,1684020921
127,139,3,1627727665
101,141,3,1632098416
140,53,2,1640831278
19,86,4,1691609692
131,107,4,1678491621
158,14,3,1620880900
93,134,3,1609576867
48,0,3,1632859814
132,125,1,1620315811
178,86,3,1667392654
102,70,3,1606827190
54,5,3,1677580931
178,114,1,1600835646
47,14,3,1648534874
33,78,3,1600529932
10,83,3,1692256899
94,79,5,1681625753
151,28,3,1653272281
160,48,2,1605250592
6,64,5,1620612061
163,130,4,1612431489
173,95,4,1680802371
76,27,5,1617243294
163,148,4,1692885686
185,88,5,1698276901
121,22,3,1618858106
65,108,4,1650586406
1,120,2,1629593771
143,14,3,1664992992
105,15,4,1677090194
123,70,3,1620119613
28,30,4,1615312756
73,108,2,1637908542
154,148,3,1620737495
74,113,2,1638215447
55,7,4,1614747891
139,83,3,1674738408
28,75,4,1675350694
103,65,2,1603000161
186,63,4,1603527936
93,61,2,1621210659
86,46,4,1611951715
74,89,2,1652214106
133,107,3,1643410464
117,13,3,1661095811
42,11,4,1637833052
123,60,4,1638503677
9,89,2,1641585152
191,138,4,1662707517
94,105,3,1697612021
180,134,3,1685612378
62,25,3,1668516984
144,105,3,1627228929
130,25,4,1605001652
134,13,4,1623527832
195,12,3,1675061214
161,140,5,1680641290
126,0,4,1695789799
147,127,1,1690312793
188,103,4,1640496912
169,82,4,1622341199
90,7,2,1698427472
101,122,2,1650802777
120,112,3,1698097232
6,117,4,1692478956
38,66,4,1638088872
161,51,3,1695788469
34,22,2,1610552776
74,111,1,1681623558
74,13,2,1624534676
106,84,4,1601666484
147,132,3,1691884920
48,94,2,1614840906
86,124,5,1621866425
109,8,5,1637310257
125,46,2,1669432574
101,126,3,1605756786
198,78,3,1674818124
189,88,5,1684735454
76,79,4,1639223743
138,93,5,1610059911
167,124,3,1604956522
158,135,4,1612747734
174,93,5,1667730989
112,65,4,1642462712
21,133,2,1675214813
148,132,4,1658426885
159,86,5,1635626096
26,3,2,1637314879
188,31,5,1690233724
153,0,2,1636334950
186,91,3,1674392385
150,48,4,1618093582
127,143,3,1654622242
182,96,5,1670049591
15,133,2,1694593853
47,90,3,1658623263
55,119,4,1671529110
155,64,3,1661754030
32,17,5,1612856096
108,100,2,1608805578
120,130,4,1626554031
14,111,4,1650870071
198,51,3,1615546273
9,119,5,1647996476
3,114,2,1669518242
31,146,4,1611159600
40,65,3,1633673480
65,90,3,1600998178
163,39,4,1607773595
15,19,1,1665041859
10,142,4,1620906592
162,102,5,1668930719
146,122,3,1699230874
38,95,4,1697746975
2,140,4,1654937318
101,54,3,1652661482
155,9,3,1608231468
188,80,2,1699132184
145,110,4,1668173034
95,12,5,1643613151
15,25,1,1625584911
26,92,3,1621399009
93,145,2,1682367101
104,120,4,1641205600
117,5,3,1601323277
181,148,5,1603866204
141,21,3,1620187106
199,27,3,1671950270
165,42,5,1620580813
188,30,5,1643190211
58,73,3,1649005808
36,132,3,1601300236
55,26,4,1656370843
69,101,4,1608158320
191,86,5,1643308260
195,146,3,1690053977
197,1,3,1676650839
159,147,2,1688908741
95,29,5,1624165292
68,93,4,1683031062
178,144,3,1647069842
169,114,3,1682213885
128,81,3,1601260370
159,124,3,1665652273
42,13,5,1612991908
39,116,4,1636652224
161,111,3,1684790121
173,69,4,1611804790
193,114,2,1635199069
102,90,4,1609624853
9,4,1,1694967727
26,97,4,1669310939
180,116,4,1674325415
54,46,4,1682158682
37,78,5,1622884339
79,83,2,1654481301
56,4,3,1664374787
122,114,2,1657186812
128,68,3,1671949051
36,144,3,1662001860
196,56,4,1690179841
116,126,3,1609260411
170,131,5,1696999458
119,17,3,1650376625
42,142,4,1670325243
185,11,4,1676497606
115,3,4,1690155293
8,51,2,1624714540
113,128,4,1606171736
14,44,2,1677509238
70,64,5,1635091600
94,97,3,1679637741
125,26,2,1658820430
178,46,3,1663259836
43,30,2,1606435567
183,87,5,1693131655
115,120,4,1692428143
182,4,3,1696940008
6,138,4,1644657120
40,87,4,1695310385
105,85,4,1636998573
118,140,3,1650481877
195,116,4,1611709404
23,144,4,1615443560
161,87,5,1614907565
166,6,3,1665029844
86,52,4,1613600058
35,41,5,1646134869
192,122,2,1680815720
18,65,4,1692426724
164,80,2,1686602298
24,43,3,1646262058
139,118,2,1628349595
8,115,4,1687517056
57,87,4,1670431320
169,105,5,1610072076
31,37,3,1624255988
192,58,3,1615339357
21,44,3,1656328642
52,65,4,1671462105
22,8,5,1621248083
125,14,1,1682965450
148,126,2,1620020234
110,31,3,1664594086
187,2,4,1670124385
7,121,3,1653436859
143,77,4,1681298147
14,143,5,1624904183
60,136,4,1670720553
106,137,1,1603902482
104,142,4,1604795136
109,139,4,1664576475
9,75,5,1640475910
106,36,5,1663034921
20,83,5,1648576330
196,99,4,1682676654
90,141,5,1609610980
127,142,3,1607618730
186,16,4,1629009683
69,46,4,1619391742
163,1,3,1625381004
59,101,2,1646369994
85,141,4,1613752314
66,60,5,1655718176
156,74,5,1696580523
121,0,4,1660733715
147,119,3,1619071439
198,39,3,1666455958
53,25,4,1686321367
57,54,4,1675932363
80,95,4,1604072802
59,103,4,1648581106
134,95,4,1618744669
105,141,4,1636819427
139,51,3,1698844828
157,14,4,1672535151
73,116,4,1652558211
191,139,4,1655923907
149,64,3,1652987215
53,93,5,1629341237
55,58,4,1659220759
64,96,5,1600280176
145,97,3,1690375410
102,37,3,1696975113
19,69,2,1628306986
86,29,4,1610172282
149,77,3,1627571259
42,44,1,1615017063
127,73,3,1695359481
51,97,3,1690673181
101,50,4,1617665638
40,82,4,1618384682
151,147,3,1664746223
178,25,2,1603018046
199,37,3,1646418710
3,99,3,1694443258
18,123,5,1676348622
134,22,3,1666120203
37,39,4,1697369638
192,121,3,1647951212
106,128,3,1608217683
26,19,4,1695937642
44,0,4,1619094876
11,119,4,1639129398
20,15,5,1605595139
79,13,3,1649753312
154,117,3,1651437576
104,102,3,1662034152
34,134,4,1635310759
145,115,4,1694493280
55,17,4,1622023930
70,131,4,1675165578
155,21,4,1649937757
18,50,3,1693257813
122,149,4,1655992908
47,144,4,1689077946
190,116,4,1649348749
54,80,4,1639306252
5,65,2,1652411904
55,16,4,1614456645
47,146,4,1672200565
136,93,4,1667519786
163,14,3,1666620924
53,144,3,1636738995
111,78,3,1652730837
104,65,3,1693639373
43,12,3,1639200159
63,84,4,1656122270
199,15,1,1648682945
118,137,3,1604521110
196,41,4,1682503360
130,122,2,1680203374
80,78,3,1685171544
26,79,3,1665674297
162,107,4,1683266752
52,148,3,1666133684
173,48,3,1695550227
164,30,5,1650308689
168,46,2,1649625808
169,68,5,1683412457
113,9,3,1683032871
196,135,4,1603807573
7,70,4,1623075009
143,27,4,1618924632
23,61,3,1658311975
121,80,4,1659203078
147,95,3,1635702876
76,68,3,1672709650
6,111,3,1652685818
125,85,3,1646827005
106,40,3,1611271294
177,48,5,1637581218
176,75,4,1698580566
125,56,3,1627135289
120,71,5,1648111247
104,84,3,1670917261
52,27,2,1604870333
0,80,4,1676742272
41,68,5,1686031149
31,49,4,1667093437
11,66,4,1621467745
164,138,3,1658705438
56,118,3,1677566159
25,57,2,1687699788
33,148,4,1641082433
52,68,5,1611591477
76,29,4,1610738279
48,106,3,1692591665
7,71,2,1655963279
105,145,5,1625954863
85,116,5,1688638602
111,97,4,1669162868
83,117,3,1676823905
27,124,2,1628527938
75,57,3,1687219752
4,97,3,1607250809
133,145,4,1695530008
92,34,3,1659692653
87,124,5,1676903608
134,122,3,1644098779
98,28,2,1656394940
71,90,4,1624871383
160,128,4,1679036438
53,101,4,1633566027
25,35,2,1618482012
189,97,3,1664005503
153,64,3,1683643566
10,28,2,1670782554
88,135,4,1640173105
127,122,3,1608165129
181,130,5,1698107226
127,45,4,1601636421
96,95,3,1689072678
10,9,4,1647734403
127,66,4,1664029157
194,80,3,1665766229
121,55,3,1678852678
148,23,5,1670944332
70,49,5,1645620658
145,117,4,1616452579
60,76,2,1628916602
188,126,3,1606727800
98,37,3,1621504028
53,114,2,1643067519
168,52,1,1600139742
108,51,2,1677391408
166,143,4,1687912858
199,78,3,1673593198
83,1,3,1686552340
81,13,3,1649058092
43,84,3,1686572900
11,48,5,1632513134
145,42,3,1649277739
65,26,3,1611790377
163,30,5,1642725683
153,148,5,1662440065
52,149,5,1610081595
83,132,3,1633066894
58,64,3,1622420745
75,72,3,1684584699
125,99,2,1686358806
100,71,5,1677199281
120,54,4,1600374317
92,84,3,1673773739
117,41,4,1662968078
82,98,4,1665749521
46,19,2,1639831147
166,77,4,1621609769
48,75,4,1659046289
98,66,4,1610470279
8,117,3,1697416458
8,81,4,1632940025
108,142,4,1619338499
197,142,4,1601578375
69,51,3,1642759029
24,76,4,1651699930
80,80,3,1635397392
130,120,3,1667626123
191,62,4,1643077937
32,144,3,1657183807
13,26,4,1638443442
174,90,4,1697985225
155,35,3,1623190092
113,110,2,1668451278
120,74,3,1633135141
11,140,5,1684041865
76,45,2,1655174085
45,137,2,1687979025
162,5,5,1697528439
6,33,5,1610802766
197,4,4,1604738547
149,29,3,1601839457
85,2,3,1660343050
6,0,5,1610336443
160,118,4,1685008981
45,45,4,1627897624
171,102,4,1664475839
30,48,3,1649436032
143,102,4,1616715564
35,5,3,1627949010
74,103,2,1677358273
17,116,4,1611105370
60,1,4,1664583799
133,84,4,1674283314
194,44,3,1692842995
49,114,4,1632425524
194,29,5,1630527863
6,91,4,1614158770
78,12,4,1695292797
153,116,2,1672344292
23,138,5,1635593402
159,24,1,1649339753
131,7,4,1605488232
104,47,5,1606353625
75,120,2,1678477084
29,111,2,1601572150
125,31,4,1636271684
166,126,3,1688178271
53,117,5,1616590203
70,138,4,1681387984
40,68,4,1601939140
183,124,2,1687534652
13,126,4,1607808443
108,35,2,1653145553
191,89,3,1666719235
72,2,4,1662915059
9,127,5,1671063787
134,70,3,1696958418
53,52,3,1648884521
111,32,4,1614215983
108,116,3,1673924898
152,24,1,1654891893
91,81,3,1665230829
31,48,4,1616504438
6,52,5,1663473559
150,122,2,1621278086
151,26,2,1685185179
88,60,5,1635736713
199,110,2,1679665110
2,119,4,1615390814
31,120,4,1650084267
62,103,3,1624903838
175,17,2,1652971148
7,5,3,1679364761
192,22,4,1605944262
70,55,4,1668582539
123,39,5,1691342873
85,104,3,1634336470
73,149,4,1692236056
66,3,3,1663956753
100,18,4,1612250388
18,48,4,1623837141
149,146,4,1656944265
124,123,3,1630596364
133,104,4,1600241036
176,27,5,1673257293
196,32,4,1602882930
135,99,3,1683385755
150,88,4,1616214039
14,141,4,1677104795
79,14,2,1655565434
167,104,3,1699474697
0,13,3,1692826382
146,60,4,1644482045
47,71,2,1630635695
155,113,5,1603125395
168,123,3,1616308109
198,95,3,1631541627
191,71,4,1631389291
185,51,4,1678512402
157,76,5,1692716091
13,65,4,1650100286
47,94,1,1634505533
83,137,4,1600464264
79,54,3,1685233231
148,10,2,1616027726
180,131,3,1691297167
188,51,5,1680816570
74,121,2,1664621039
170,9,5,1685583597
125,18,2,1631655655
7,106,3,1638912151
6,134,3,1696354899
64,118,2,1659117988
0,112,2,1683766512
127,74,4,1603390177
85,97,4,1681146526
55,69,2,1647892168
51,87,3,1672980373
134,2,5,1667005629
163,123,3,1639918666
154,23,2,1682095240
71,137,4,1673514852
121,78,3,1600050446
26,48,4,1699284991
173,99,3,1616024418
178,106,3,1637486729
154,51,3,1638704603
152,20,2,1601219894
78,100,2,1614146040
186,142,4,1663862052
115,95,3,1662608258
172,49,4,1672939220
117,117,4,1644994443
195,105,2,1654196752
95,102,5,1626006612
173,103,3,1683903230
119,105,2,1602779978
48,65,3,1610288684
121,123,3,1690443537
96,37,3,1610007525
51,146,3,1685536337
154,134,3,1677222908
93,26,4,1685796605
173,65,2,1601369013
8,76,4,1617748919
2,29,5,1681643349
184,54,3,1696244546
188,13,4,1689319729
166,46,3,1698992753
195,41,4,1699690859
134,87,4,1608994234
4,54,4,1688397347
40,36,3,1644783607
127,76,4,1675040030
62,126,3,1646388676
124,103,3,1634608027
15,106,4,1662190806
111,47,3,1600283611
121,12,3,1605038635
138,30,2,1684890625
174,140,4,1639529923
97,113,3,1618703735
47,52,4,1691341647
132,9,4,1634965295
198,43,3,1623023754
90,33,5,1606977727
107,20,3,1611699863
93,78,2,1667985453
76,13,5,1609882345
180,91,4,1648231165
123,66,4,1637433717
34,7,4,1634663745
167,106,2,1681740979
28,120,3,1664984027
62,51,4,1646473506
170,104,5,1699389630
126,25,3,1636091508
134,35,5,1690537167
134,1,2,1622267778
41,6,4,1641425617
13,56,4,1621532319
115,80,5,1609551879
28,58,3,1646250551
66,52,3,1684974670
91,28,4,1697312767
85,98,5,1698501911
180,105,5,1655671983
149,139,3,1688282760
66,121,3,1626969276
14,121,4,1611266121
26,41,5,1694269594
25,5,4,1621155174
43,40,3,1672581351
143,33,5,1613008106
114,110,4,1606520922
31,84,3,1669560187
119,149,4,1642483230
10,31,3,1656555030
141,82,3,1636426646
6,1,4,1622147991
128,95,4,1630705193
15,125,1,1629447919
72,92,1,1677396822
86,112,5,1672638477
21,82,4,1644116497
109,69,4,1673800902
86,115,5,1691321651
106,82,2,1652342442
155,31,3,1664830544
42,32,3,1646473889
103,27,4,1607972508
7,105,4,1682842615
112,71,5,1678302296
105,43,2,1629958791
38,103,3,1693748144
108,120,5,1691294737
11,110,4,1611558009
175,37,3,1604081222
131,71,5,1659992240
196,5,4,1683086591
130,88,2,1686975790
142,140,4,1693451916
38,0,2,1694815556
113,25,4,1624200054
147,82,1,1699832325
162,89,5,1670500266
133,88,4,1643077004
56,79,4,1617656128
197,118,3,1616223541
64,13,3,1625624994
88,97,4,1604144536
84,59,5,1632263109
36,137,5,1641505556
169,53,4,1605490436
90,72,4,1668957737
52,66,3,1685448147
162,64,5,1604850777
62,55,4,1684504280
116,124,4,1617591756
73,38,3,1604882580
14,81,3,1672700122
9,109,3,1654679486
76,75,4,1685995510
85,21,4,1605386394
75,84,2,1650258949
176,77,4,1668525558
196,7,2,1679153452
122,30,1,1669170757
154,128,3,1670983181
150,133,2,1643302041
178,29,3,1696742313
157,64,3,1607894084
147,92,4,1628608017
59,147,5,1666638696
53,100,4,1604214639
163,26,4,1630622222
116,6,4,1634009467
18,6,4,1668369619
145,143,5,1675114302
38,38,3,1699888859
53,89,3,1622406563
167,34,3,1601234750
131,43,4,1682472032
4,56,4,1635300479
99,6,5,1646883924
130,78,3,1643034386
20,16,3,1649210072
143,134,4,1695739964
119,30,3,1615070775
179,107,4,1634035853
86,79,4,1674263490
175,33,5,1618029021
143,89,3,1657526820
199,68,4,1665910624
168,20,1,1611346156
39,62,3,1617445352
114,20,4,1610109278
172,104,4,1652109176
122,19,2,1663003999
119,137,3,1660488711
60,28,3,1699041148
175,70,4,1652300037
185,93,3,1639670728
135,121,4,1601960686
111,31,3,1695372736
172,56,4,1606872360
154,72,2,1633534849
194,145,4,1666795196
148,110,3,1675841876
79,22,4,1691370535
63,8,3,1630277750
188,88,4,1627652618
117,4,3,1677091062
83,116,4,1694646327
66,56,4,1652781192
65,89,5,1602266558
34,0,4,1680288883
111,69,2,1649463033
10,0,3,1681761947
56,126,4,1648685001
84,23,4,1633641695
9,135,5,1604815489
174,131,4,1696429196
160,3,3,1683313607
4,4,3,1611440842
151,68,4,1686590363
109,7,3,1660938544
90,79,3,1604188613
158,37,4,1600342822
7,140,3,1609163012
26,8,4,1675423659
4,31,4,1688170021
156,122,2,1686400456
191,106,3,1616832271
31,94,4,1670635264
33,83,3,1626543941
178,67,4,1683651139
100,114,4,1644261752
120,92,4,1653698247
52,102,4,1669879145
178,42,4,1664738731
141,77,4,1644394656
122,125,3,1631955237
153,131,3,1618552292
5,4,3,1650205888
187,109,4,1662046647
30,136,3,1625007645
196,80,4,1647758070
159,130,4,1641621484
117,57,2,1676476864
92,29,3,1654367152
76,126,3,1690959240
53,79,3,1627698451
57,127,4,1632324459
28,13,4,1683575335
52,75,3,1604039195
58,62,3,1608157763
18,79,4,1686884171
161,31,4,1638832414
98,31,4,1678777848
34,110,2,1648924116
92,129,3,1682926866
194,26,3,1652991915
132,10,2,1644436867
82,64,2,1646131432
156,3,3,1673961336
2,3,5,1654947664
4,127,4,1691806097
193,73,4,1693458906
6,125,5,1686443995
108,21,4,1652874549
198,58,1,1604089037
187,141,4,1608017434
188,123,3,1659621555
95,88,5,1685710530
151,52,3,1667651252
137,1,3,1689550717
90,54,5,1653531601
3,87,3,1622679310
192,123,4,1698393152
53,61,3,1661120239
147,116,4,1635193333
159,146,3,1698096900
192,106,4,1689132906
111,147,2,1634158941
192,102,4,1678935058
62,12,4,1663408647
59,70,3,1623123457
42,118,2,1669037685
10,146,3,1690822684
157,70,4,1630346919
52,69,1,1616912168
55,78,4,1624765709
189,61,3,1603027967
89,132,3,1646495213
167,12,3,1620868356
162,45,5,1650226715
48,5,4,1621798713
172,22,4,1667329013
133,73,4,1634157066
74,45,2,1656635306
112,144,4,1687251895
79,10,2,1695207591
155,7,2,1640022967
85,90,5,1641555761
190,76,1,1680165532
27,125,4,1607270426
49,11,2,1649818587
78,147,3,1638970634
22,79,3,1667899347
55,131,5,1618878271
57,106,5,1618019750
156,118,2,1631008910
57,25,5,1658592966
196,106,5,1627775056
176,53,5,1633235606
153,35,1,1697044567
85,29,4,1655717759
168,18,4,1621844749
62,42,3,1645102269
0,51,3,1611311959
198,125,2,1683719767
33,97,5,1617334329
153,19,2,1631857155
58,61,3,1609209319
126,77,4,1617368266
86,15,5,1684724486
157,97,4,1607481927
52,64,3,1614471437
53,94,2,1681501028
199,40,2,1653902544
76,97,4,1658760528
193,103,4,1698807753
178,105,2,1644367639
34,140,5,1683363299
11,71,5,1669912086
62,133,3,1618861084
182,142,3,1628003572
106,124,4,1650665897
37,110,3,1693426751
110,45,3,1610163148
138,136,4,1644368059
0,26,2,1687399245
121,107,4,1639695483
90,105,3,1665819718
118,106,4,1630274396
97,21,3,1618980589
84,41,5,1617544969
104,14,3,1692580471
137,66,4,1618468607
21,77,3,1696596798
129,148,4,1682521228
54,26,3,1672406183
20,39,4,1610917188
22,70,2,1613315989
155,6,4,1675935662
73,39,2,1633663763
48,126,4,1674275724
170,26,4,1642302526
68,91,4,1699306710
104,66,4,1624504343
133,106,3,1635918036
81,24,2,1654094931
155,22,2,1687446236
138,90,4,1638837445
29,63,4,1672973553
79,117,4,1670047882
76,125,4,1699699528
88,143,5,1683197757
120,26,4,1666992036
25,121,3,1678247280
199,7,1,1603047567
171,69,5,1600370570
191,22,3,1631108681
7,90,2,1659783212
134,124,3,1623102970
19,24,3,1660997714
55,75,3,1636106541
161,66,5,1627450168
11,128,4,1616702165
28,54,4,1600945261
152,64,2,1626709315
17,147,4,1602892582
171,24,3,1666241600
58,84,2,1616340103
71,12,4,1614892363
174,42,4,1608482026
138,92,3,1664353275
10,58,4,1669069968
96,12,4,1696872611
23,119,3,1646479105
184,60,3,1698833343
8,17,4,1696384224
29,101,4,1627536978
139,146,3,1623644851
94,38,5,1621383800
127,27,4,1659125233
26,81,5,1699640375
62,15,5,1664244851
101,131,3,1699501166
172,40,3,1612956833
144,120,4,1610847289
66,112,5,1613281879
152,14,2,1697519224
149,58,3,1604159792
75,118,3,1676753640
134,135,3,1683886581
138,137,4,1602430690
84,54,4,1660692512
194,38,2,1662613425
193,49,4,1660893382
101,85,4,1697677270
65,104,3,1677021369
19,87,4,1615832914
96,133,3,1624172630
163,20,3,1637732623
55,50,3,1695839452
139,70,5,1694326399
31,149,4,1650045749
116,128,5,1612044369
50,89,4,1672471424
104,6,4,1648875124
181,92,4,1623456388
119,128,4,1611890064
93,80,5,1609107130
62,134,4,1618058449
80,83,5,1653213775
22,116,3,1629029842
167,8,4,1698150706
23,15,4,1601248754
151,98,3,1651579490
145,0,4,1671481756
125,109,2,1608764567
162,130,5,1698609170
135,24,3,1659530416
110,33,3,1610947217
32,109,3,1610165042
110,52,3,1624401880
107,143,4,1619055290
26,60,4,1696600885
35,113,5,1678747336
34,118,4,1646851073
80,112,4,1645178838
27,48,3,1623307522
164,51,5,1636998903
0,120,4,1601125364
102,17,2,1653933776
130,24,4,1613262965
7,56,4,1680829989
196,24,4,1636428868
48,101,3,1660578282
195,123,3,1638715772
74,28,3,1682215074
126,59,5,1641982864
145,100,4,1650960852
105,125,3,1662928123
64,93,4,1663322632
155,68,3,1660400373
23,140,4,1645222675
181,50,4,1646484911
90,12,5,1605460718
69,129,5,1637392031
42,20,5,1698906280
138,94,3,1678570660
55,18,3,1617121553
82,102,3,1600956288
83,9,4,1692717117
31,63,5,1650221539
139,82,3,1637650240
195,121,3,1698982603
165,91,2,1673490893
178,15,1,1635292387
116,74,4,1628815092
158,60,5,1620003983
107,113,4,1620407463
141,27,3,1690089697
31,20,4,1687552822
168,65,2,1691325259
176,30,4,1677064283
74,138,3,1693260459
6,93,5,1644608219
147,29,3,1677115512
17,66,3,1667423413
121,9,4,1641597991
110,62,2,1616344906
120,34,3,1695531151
98,123,3,1669556802
92,63,3,1602082461
2,27,3,1647527676
98,79,3,1681750626
89,139,3,1659945356
192,30,4,1688649423
179,16,4,1602967496
12,29,3,1645385093
120,67,4,1613471814
143,94,3,1682187151
132,86,5,1624634633
106,100,3,1674484984
64,101,4,1686212287
187,16,3,1651174887
89,27,3,1692811149
160,64,5,1656598189
137,107,4,1608503709
7,32,2,1620210245
0,83,2,1699260886
18,98,5,1601612234
160,94,2,1623232685
101,32,3,1686341868
50,49,5,1611733451
53,90,5,1654861560
169,0,4,1697174839
49,49,4,1641565729
177,114,3,1662213010
0,74,4,1680222687
58,82,2,1645035108
118,1,3,1620880341
69,30,5,1605806637
61,86,4,1636875151
69,83,4,1609607704
89,88,3,1608705264
106,108,5,1660095307
0,2,5,1694037819
96,42,3,1615211207
21,1,3,1618625534
153,137,2,1605865811
137,4,4,1654309248
38,39,5,1604745647
52,26,5,1646501690
184,99,3,1659354700
58,131,3,1625164728
130,81,3,1690080305
78,96,4,1633710675
124,70,2,1605566429
18,128,4,1632899035
78,83,5,1629119992
60,68,3,1627289217
17,148,4,1618545866
58,10,2,1618643785
147,54,4,1695901695
61,34,3,1616447234
145,141,3,1696332168
68,112,4,1668174725
122,12,3,1673671048
125,76,3,1621268037
167,109,3,1605672023
129,110,3,1695255238
161,45,2,1610606689
12,18,5,1682746031
89,142,3,1695430529
26,18,4,1663951751
195,28,3,1604932734
191,142,3,1631972981
58,2,2,1673223201
80,125,3,1600858085
15,137,1,1614171104
198,126,3,1663532337
174,37,4,1628739727
83,27,4,1685274963
192,43,3,1689971753
149,53,4,1678605169
76,114,4,1690858950
57,74,3,1656727280
30,51,1,1683685551
7,122,2,1657218851
14,30,4,1692506193
25,129,4,1622300718
76,2,5,1666103056
196,103,4,1681760022
26,53,4,1616981664
14,113,5,1687419120
154,58,3,1635706763
17,19,2,1608963001
172,39,4,1674719534
72,19,3,1638576931
157,6,4,1629555355
83,126,3,1670979315
31,66,4,1652122705
31,118,3,1664576452
92,1,4,1626237501
64,56,5,1658871808
155,100,2,1655499112
75,11,3,1602498540
25,24,3,1662384441
187,136,5,1684761737
8,14,3,1608480304
65,140,4,1695799224
165,35,2,1664375380
161,118,4,1670032848
172,114,3,1651226401
170,85,3,1659048904
96,9,4,1677933308
106,43,3,1636863447
65,43,4,1679603708
115,59,4,1619384900
193,83,4,1646828983
11,52,4,1662948661
104,117,4,1608614721
176,54,4,1626452873
66,54,2,1655601370
75,149,5,1663812865
50,106,3,1624308595
192,118,3,1600984563
24,103,3,1683550169
192,39,5,1668735268
116,4,3,1649729128
122,116,3,1602567241
109,9,4,1618209356
164,148,5,1698265289
178,71,4,1661115715
166,0,4,1673381554
122,49,4,1651300925
99,136,3,1673293749
90,143,5,1605270370
36,38,4,1621933896
17,115,3,1692480881
94,32,3,1632352889
80,105,4,1639996888
141,1,3,1644212495
183,36,4,1653852358
179,117,3,1695883537
159,5,3,1620711629
171,34,4,1683790154
82,100,4,1626018553
125,27,3,1609895326
70,96,4,1653011994
122,32,2,1628962660
52,136,5,1630531879
197,110,2,1657334628
106,16,3,1655500705
130,98,2,1607374409
153,84,1,1654097486
78,82,3,1689681226
21,144,4,1613298728
85,136,4,1668006166
28,118,4,1639469078
180,143,4,1690884821
110,21,3,1641506794
163,19,4,1634439050
139,4,2,1623629853
34,83,4,1686362707
18,53,1,1601520871
2,111,3,1695193283
25,55,4,1691647168
172,109,3,1655755276
148,35,1,1624231139
90,21,4,1670404214
15,69,1,1623647965
57,148,5,1612194000
38,32,3,1615124733
110,114,3,1687916187
89,129,2,1618237730
116,81,3,1640729982
131,51,2,1684744654
126,36,5,1635673221
79,69,3,1638463670
109,88,4,1648402930
157,77,3,1608494584
183,62,2,1681625908
65,14,3,1627592637
133,31,5,1695069967
134,85,2,1637926107
152,5,4,1646259791
194,93,4,1684942502
172,68,4,1605808536
22,72,4,1699311153
78,129,3,1647121472
154,46,2,1667281628
188,55,4,1672216026
83,70,4,1648075492
183,113,5,1683635128
170,113,4,1679630245
22,93,3,1664421254
47,128,4,1625962484
56,30,4,1652191922
4,37,3,1626918496
92,86,3,1650857678
18,26,5,1699168109
22,67,3,1619510257
139,112,4,1648547178
18,149,4,1666395638
107,104,3,1612266071
187,103,5,1684745244
105,147,4,1666822041
77,137,5,1696785072
53,36,3,1615610035
87,88,3,1673605470
19,123,4,1638543807
125,55,3,1630033331
148,18,4,1639765735
168,125,2,1613120915
4,73,5,1653402278
18,63,2,1617920411
24,83,4,1695857163
134,102,3,1620675323
17,146,4,1644118487
161,125,3,1634957168
49,97,4,1680745323
80,67,3,1638705008
38,22,3,1615451797
163,63,4,1692103395
23,90,3,1624983403
10,70,3,1623177752
165,43,3,1695214626
33,4,2,1632878101
26,13,4,1608684988
45,57,3,1690652719
120,117,4,1611665776
29,12,4,1625829308
31,51,4,1663435991
73,60,3,1620653461
48,30,5,1605754064
45,6,4,1671702205
153,34,2,1671118631
122,101,3,1662630882
199,77,2,1608548696
121,24,3,1696503055
64,132,3,1669264904
64,102,3,1683409372
24,37,2,1643155470
122,2,3,1629792208
145,4,4,1613574428
9,14,1,1683831127
48,113,4,1681140501
134,117,3,1655801601
147,46,3,1601097325
117,135,4,1660893858
174,53,4,1637835739
154,114,3,1615350321
125,119,3,1642498558
23,58,3,1699266661
178,64,2,1624354693
101,59,3,1653324868
188,25,2,1603275222
119,42,4,1609763799
116,12,4,1644912236
39,85,3,1672387320
55,84,3,1661700408
4,129,3,1634545471
10,14,3,1619724434
168,96,2,1608851511
62,117,4,1691667157
70,79,4,1634463835
129,25,2,1605770715
185,114,4,1628653541
145,43,4,1698984642
89,21,3,1647967957
161,54,4,1611640895
82,43,1,1664049465
194,146,4,1656315995
111,98,4,1604329326
112,125,5,1682940694
41,9,5,1685152004
88,70,3,1666839230
174,55,4,1699227019
168,19,2,1641737453
42,65,5,1692268568
0,46,2,1622996599
41,125,4,1676762019
79,108,3,1617799506
59,114,3,1693557255
65,0,3,1697618002
100,134,4,1668710035
77,27,3,1641227970
2,73,4,1696446937
182,78,3,1681215860
122,134,3,1683665274
47,123,4,1649077985
93,142,3,1681363569
0,119,4,1652840238
183,37,4,1680115336
90,48,5,1625196919
120,114,4,1600887454
28,128,4,1677858343
48,8,4,1604289681
94,98,4,1673712997
62,37,3,1633451940
81,117,2,1623777717
143,51,3,1669873376
48,132,3,1673159902
6,142,3,1664691249
166,36,4,1620702899
130,19,1,1676217517
8,75,4,1698458326
16,82,4,1636360056
69,135,4,1626909307
116,130,4,1650725858
92,115,4,1673167198
141,72,2,1631551285
43,148,3,1666856062
73,27,3,1689463336
98,89,4,1619111051
190,20,3,1658389607
162,55,5,1647555878
59,108,1,1641684906
123,122,3,1675145623
74,146,1,1620362201
8,65,5,1642253036
192,144,3,1679051039
76,62,3,1648886495
174,148,5,1643936769
95,53,5,1625496895
23,7,2,1651080081
86,22,5,1662482831
26,43,3,1687213043
97,135,4,1654118647
81,53,3,1669216267
89,98,4,1634596606
34,93,4,1619997421
60,146,3,1675185341
26,82,2,1609923791
169,101,3,1698614183
54,118,3,1681926336
77,43,4,1615701379
113,63,2,1692847430
169,77,3,1696964781
151,113,5,1672135435
23,108,3,1621082396
133,3,4,1693021398
160,73,4,1682119790
94,120,5,1696698988
146,41,4,1649900215
32,102,5,1671010948
159,100,5,1672289838
195,67,2,1643350713
17,15,2,1614618443
134,5,3,1674799162
195,134,3,1671324370
176,148,4,1640286850
187,94,1,1687965084
191,39,2,1643444735
143,112,3,1602914331
7,143,3,1606867582
41,56,3,1696443740
194,127,3,1648013989
38,97,5,1647691355
2,44,4,1676422902
118,116,3,1606203350
144,34,2,1675266960
79,6,2,1651949249
110,2,3,1683692666
15,148,3,1668746036
6,80,4,1608707928
108,36,4,1669360102
122,91,3,1677763169
124,59,2,1682396118
92,147,3,1641137906
84,62,2,1681574185
13,139,4,1685159485
117,16,3,1613184505
60,81,3,1630967504
161,19,4,1611196762
19,57,4,1644098310
59,64,2,1690618467
5,0,2,1691197913
155,73,4,1699794023
93,121,4,1636717283
11,8,5,1653514655
162,101,5,1695343241
145,113,4,1666237892
39,94,2,1672454663
74,98,3,1671700939
5,108,4,1697749346
48,47,3,1613449994
96,33,4,1635653957
48,139,3,1609640132
75,110,2,1631709541
77,97,3,1605450614
37,21,4,1682679563
186,6,5,1644319065
70,44,4,1613376521
13,24,5,1623802621
74,127,4,1656541033
170,0,3,1660960078
165,41,3,1699062762
23,115,4,1646784518
166,107,2,1691911500
29,143,4,1639106829
59,24,4,1613665718
73,44,3,1639415575
42,131,3,1663025561
148,114,3,1676571617
147,136,4,1692871137
147,99,5,1646397479
103,118,2,1602372119
83,51,4,1622707335
101,106,2,1620742501
162,103,3,1644476121
99,122,2,1644350231
151,22,3,1607706370
8,90,3,1619440859
15,27,3,1659631920
7,6,4,1687569192
0,97,4,1627921848
199,125,1,1688507458
70,63,2,1627653093
15,111,4,1683954695
3,74,3,1626451209
106,26,5,1632259084
7,104,3,1669641035
41,139,4,1690933269
50,13,5,1647431202
4,107,3,1606335348
182,48,4,1643775472
109,35,4,1697674519
20,133,1,1667521371
69,112,5,1626379238
120,80,3,1679095812
32,108,3,1654839125
79,90,3,1652407952
108,121,5,1686622935
12,143,3,1686881278
155,135,3,1604497278
9,146,5,1687313409
26,38,4,1613244876
47,6,4,1683946916
196,61,4,1644817639
63,81,5,1622602887
142,72,3,1606941695
41,89,4,1628518008
37,147,5,1629717978
10,8,2,1644009073
122,130,5,1619741792
5,18,1,1615070010
184,79,4,1677920856
194,89,5,1690745533
109,55,4,1638472281
7,116,3,1622681002
15,96,2,1675332440
1,25,3,1683711294
62,90,1,1618240796
86,6,3,1695727893
43,31,3,1658713223
32,134,5,1661363478
1,108,4,1680715140
145,122,3,1668189493
152,87,4,1678508768
46,27,4,1604774740
64,145,3,1644581371
15,47,4,1624463568
161,115,4,1658001920
125,145,3,1605580619
136,80,2,1672372535
38,85,4,1623613271
82,106,4,1645624744
196,85,2,1677022369
58,124,2,1689875132
127,129,2,1621714210
0,84,1,1630704481
165,134,4,1612976556
123,51,3,1682896205
88,148,4,1652146651
121,137,3,1693969732
16,20,3,1622466976
12,68,5,1609210743
56,31,4,1612749466
172,98,3,1661044230
198,53,3,1668764494
106,94,4,1641048261
172,96,4,1669011096
10,21,3,1611936418
158,84,1,1633692432
196,102,4,1649464239
63,92,3,1677490825
59,146,5,1608764150
189,117,4,1699572696
51,32,2,1653652654
29,77,3,1687669060
177,81,3,1649358471
76,123,4,1667941681
3,25,2,1631262272
13,111,2,1603526446
111,126,2,1655853681
71,68,4,1638048220
174,70,4,1605496991
41,26,4,1610976256
194,6,3,1688324142
190,67,5,1682786434
109,78,3,1681589775
123,102,2,1674642227
29,6,5,1668165742
2,93,4,1683532518
94,47,4,1674442144
72,72,2,1607314445
192,99,5,1686049004
194,5,3,1609216103
109,102,3,1662936221
40,77,2,1678016405
4,10,1,1624604447
78,64,4,1659160252
85,68,5,1692165185
176,44,3,1649873811
77,0,4,1624470593
105,110,4,1696450965
6,109,2,1661506526
9,143,5,1611921352
198,112,4,1649197083
199,113,4,1652650891
1,134,4,1618269696
134,115,3,1630818185
179,115,4,1683001384
140,12,3,1696792057
164,100,3,1602462579
198,76,2,1639356739
198,13,4,1629872331
166,76,1,1678540088
178,148,4,1698960800
8,142,4,1657627678
34,68,3,1654053760
36,122,2,1658920967
108,126,3,1693096625
80,10,2,1641124568
68,67,3,1601834110
133,35,4,1650893170
47,87,5,1670438306
141,32,3,1648391222
65,82,3,1634438080
8,78,4,1603502100
159,91,4,1685391707
169,134,5,1664584595
59,6,4,1608309032
90,44,2,1665938127
79,25,3,1626361195
114,8,5,1607840859
11,3,5,1654172396
121,122,2,1603166173
17,109,2,1680679974
90,46,4,1656163329
188,5,3,1641018872
127,22,3,1657490471
123,138,3,1637274454
74,9,2,1644310121
117,9,5,1642198226
18,20,2,1601803406
10,116,1,1664296961
8,93,3,1684623746
69,19,3,1697955904
75,46,2,1685110371
116,39,4,1662381010
179,22,3,1638403271
133,22,2,1659382766
105,44,3,1663070259
30,87,4,1600834110
73,56,3,1621409783
195,87,4,1656097640
134,30,3,1645827588
199,103,1,1693925579
34,70,3,1606505669
159,96,2,1602135832
13,96,5,1635037195
13,129,4,1662360385
62,64,5,1621744893
35,112,2,1667514572
189,94,4,1605163332
39,114,4,1696355819
65,143,4,1661980727
73,13,4,1615368967
16,119,4,1639629279
80,92,3,1685712768
94,2,5,1689351928
153,42,4,1674401536
113,67,4,1615457615
111,46,2,1698843483
157,27,5,1672071887
122,83,4,1633359744
31,122,2,1698467066
184,80,3,1697475144
85,14,4,1669238455
82,22,4,1668656248
187,96,3,1632591934
167,88,4,1628277941
130,112,4,1621591820
83,24,3,1699590004
17,114,4,1616323059
160,15,4,1670458213
172,16,4,1624882453
182,114,2,1614055164
70,105,4,1683817938
59,121,3,1622362734
77,10,4,1695311805
114,112,3,1670490891
62,38,3,1635138531
63,48,4,1658530123
34,49,4,1614826516
192,115,5,1646816058
19,141,3,1683012041
58,104,3,1693291087
68,75,5,1650077970
0,37,4,1679572467
132,6,5,1635348957
186,130,5,1609399941
69,73,4,1645268086
161,34,4,1695297335
183,72,4,1636317067
50,34,4,1677952861
102,3,3,1612843025
108,30,2,1692917682
96,5,5,1693946299
11,16,4,1650964340
96,72,2,1660698528
154,56,3,1616203744
48,128,4,1664505640
127,69,3,1602215308
92,74,4,1604043113
168,16,3,1605652107
56,119,4,1635712714
166,102,3,1603001851
18,9,4,1679859082
155,39,4,1626852042
23,73,3,1624969993
184,106,3,1629289344
145,36,3,1626677543
4,83,4,1600417436
104,29,4,1651568249
49,20,3,1663112953
9,87,5,1688022841
26,63,3,1660448448
108,113,5,1613481556
109,91,4,1627300965
18,21,2,1600309122
92,131,3,1647231980
174,97,4,1654539682
41,77,3,1629097845
20,96,5,1682279530
108,32,4,1678835765
4,136,5,1601634594
49,64,4,1650509024
81,62,2,1634630487
76,30,2,1666017391
183,47,3,1690006757
56,38,4,1637206250
183,17,3,1643827778
104,90,4,1624956666
57,120,4,1657399997
9,64,5,1671709933
177,118,3,1629707885
96,94,3,1607843923
52,147,1,1666774730
76,90,5,1657447958
86,110,5,1665673027
54,21,1,1615319568
6,144,3,1653976771
142,113,4,1682759100
32,34,3,1668299148
43,55,3,1632967225
65,122,2,1657877088
49,128,4,1627503435
152,46,3,1665224098
87,142,4,1665712810
24,90,4,1613465488
79,104,4,1623978950
123,98,4,1629663709
30,89,3,1607238206
187,39,4,1605038554
43,13,4,1690350330
49,46,3,1678024061
5,64,3,1695194950
106,25,2,1604373977
103,3,4,1649554228
82,123,2,1673672691
61,102,5,1607135394
169,5,4,1632985633
107,78,3,1621102033
80,117,4,1638025725
108,99,3,1661161473
84,93,5,1639831158
17,142,3,1645811692
151,140,4,1644641019
17,51,4,1656245537
185,115,3,1696278845
102,83,5,1603882837
194,143,4,1683330200
155,92,3,1603201102
31,6,4,1630692243
23,47,5,1689225953
25,21,4,1616117275
37,44,3,1686831931
94,52,5,1640737999
15,78,3,1694785590
151,121,4,1606336011
98,56,2,1694800477
163,94,2,1699627862
168,63,2,1608744430
187,0,5,1681908802
52,17,4,1651442675
158,92,4,1656060840
37,144,4,1630532963
56,60,4,1601626329
12,133,3,1694488052
149,50,4,1625054428
169,38,5,1604459108
34,88,3,1688486516
78,74,3,1637848682
128,29,4,1693282534
16,138,2,1699577032
47,76,3,1614258252
14,125,3,1630197569
151,80,2,1698312103
26,74,3,1673094641
72,26,3,1699239522
109,18,3,1619582309
161,136,4,1692990801
115,121,3,1665012727
162,96,5,1654968298
36,130,4,1628248401
168,50,3,1662579081
155,26,4,1626027665
14,57,3,1615934613
96,86,3,1632536688
181,10,3,1608467153
155,14,2,1667515320
165,98,5,1616825150
90,32,4,1616179409
55,139,3,1614247542
176,10,3,1633750052
161,76,2,1684011961
89,13,4,1674265301
2,137,4,1627391689
130,127,4,1683708903
40,110,4,1655205808
21,14,2,1628453725
41,33,5,1677649907
76,72,2,1635247891
89,38,4,1684989306
70,86,3,1688790521
168,77,2,1629947605
194,113,5,1678754475
146,116,5,1659117316
88,94,4,1644555840
34,36,4,1656058363
71,64,4,1663152704
4,120,5,1607408543
40,97,4,1609522506
193,95,3,1688080660
77,42,3,1615431312
88,24,5,1625460891
9,37,5,1640285077
65,56,3,1698910324
156,4,2,1661834231
15,65,3,1618596633
181,116,4,1606088395
134,148,2,1687383568
159,102,4,1617467725
169,76,1,1664546904
147,21,4,1693001915
86,42,4,1612241810
60,42,3,1625583192
2,113,5,1679647702
164,44,3,1694749892
55,45,3,1687854986
147,107,3,1630287216
65,1,2,1638972725
159,119,2,1644756464
109,128,4,1698783102
10,13,2,1678643284
198,3,3,1685902202
27,122,4,1684301889
90,128,4,1610031854
62,54,5,1607619920
50,0,4,1623977889
104,101,3,1660706175
66,66,4,1699387596
136,147,5,1655441988
27,87,5,1611652434
28,45,3,1666606772
186,45,5,1659952605
86,90,4,1608951870
159,1,1,1631624965
89,58,2,1689936887
6,35,5,1652352464
196,66,4,1627971281
147,128,4,1684039781
119,66,3,1621224220
96,24,2,1635620284
178,38,3,1696213732
169,42,3,1692433339
165,75,4,1677384709
81,20,1,1646939324
191,59,4,1645147400
133,94,2,1660700508
108,77,1,1611390071
147,121,3,1697333133
50,136,5,1614803112
113,88,2,1604641965
33,99,2,1691947482
178,143,3,1603678474
194,14,4,1655407642
5,26,3,1699570390
25,66,4,1661760434
191,8,4,1653932066
164,47,4,1690064281
74,112,2,1635047217
5,1,4,1617593958
174,74,3,1616058502
60,0,3,1608311582
143,92,2,1610802367
83,111,2,1679631999
48,11,4,1672038218
134,119,3,1655111920
145,57,4,1685302105
85,37,3,1679033968
72,139,4,1609336079
173,15,4,1686930956
85,140,5,1637809576
185,46,3,1619598675
177,100,3,1682927005
123,99,4,1617375677
31,30,4,1602557601
0,63,4,1686197841
22,139,2,1646934579
116,108,3,1693808543
104,140,4,1660638661
48,18,5,1630390123
42,4,3,1694811136
28,27,3,1664224283
157,69,3,1672961265
2,109,4,1650324596
8,79,2,1682405894
122,107,3,1642334523
158,56,5,1639978995
147,36,4,1639654793
34,26,4,1687949794
159,61,4,1669761933
180,69,4,1661167608
155,3,4,1635819483
124,114,4,1661854116
98,82,4,1694070559
56,24,3,1614468822
137,56,4,1682314473
84,91,3,1661886787
25,42,4,1691911626
173,62,1,1603857798
191,48,3,1662767613
194,8,4,1649675014
181,100,5,1605449825
78,142,4,1636219632
172,23,5,1696400600
84,1,4,1671738533
178,57,2,1612867440
96,65,3,1615467138
58,5,3,1694985125
25,135,3,1614254960
120,66,4,1681045738
62,87,4,1678014948
179,119,4,1613652763
74,19,1,1641936255
188,7,2,1619233312
178,118,2,1696672595
61,26,4,1666718461
60,69,4,1626326392
123,132,3,1644086380
86,4,5,1644028856
10,115,5,1629431301
193,118,3,1698273949
41,19,3,1608607112
5,25,2,1656773354
165,30,3,1610687174
30,44,3,1639474816
147,98,4,1625502689
117,39,5,1610241085
148,7,2,1610059521
169,124,5,1667358893
110,53,4,1666412548
183,8,4,1691225475
0,98,4,1672242879
183,128,4,1659973349
41,34,4,1698957609
53,33,5,1669971084
23,37,3,1680934305
118,122,2,1657069459
153,23,3,1642762506
24,93,3,1663584701
174,44,4,1660980554
195,142,3,1632790888
54,15,3,1698026932
53,83,3,1649198978
64,41,5,1628709838
57,129,4,1661432090
96,107,3,1641406739
85,77,3,1626357152
193,42,5,1639739147
42,123,3,1647572332
55,143,4,1633192719
25,82,3,1673809480
177,148,3,1684934906
193,12,4,1682098030
146,114,4,1647771617
23,43,4,1631149297
14,58,4,1641068949
28,38,3,1681169790
189,0,3,1634150090
92,12,4,1600708587
193,30,3,1615134507
97,0,3,1601766056
73,125,2,1678730466
121,46,3,1638355709
140,71,2,1651152643
85,149,5,1647475723
24,100,3,1670496780
70,70,4,1652591900
75,18,2,1683668832
86,53,4,1689956045
45,111,2,1607799812
89,53,4,1617566798
123,71,3,1605031193
16,116,4,1632149514
14,45,3,1633155967
101,23,2,1655025815
133,83,5,1691128031
173,91,3,1644470882
113,107,4,1678702155
92,58,3,1690770604
53,37,1,1630982579
106,2,3,1615284605
190,147,4,1629435742
178,59,3,1689330065
62,60,4,1662718375
75,121,3,1646284372
160,138,4,1697259386
149,36,3,1615664679
135,133,2,1662857371
66,58,4,1623824860
67,21,2,1698743991
149,32,2,1669537561
177,20,3,1674678156
120,50,5,1671826368
14,60,4,1629284088
70,81,5,1676760824
158,48,4,1688415629
0,53,3,1602261673
70,89,4,1694366025
126,124,3,1649121397
27,16,4,1610100845
98,76,4,1668694711
165,79,4,1630762556
68,129,4,1628916826
121,73,1,1651738488
100,121,4,1657509052
117,36,3,1690615734
196,40,4,1619423868
104,45,5,1660579235
134,129,4,1621061882
110,127,3,1614850723
13,112,3,1671957169
41,98,4,1637038608
190,95,4,1613737857
152,68,3,1649865783
176,88,3,1627393577
91,29,4,1632503949
56,17,3,1657353271
42,97,5,1604294337
16,111,3,1611584305
165,128,4,1648251818
52,145,3,1603274237
34,44,2,1657764748
89,28,3,1681479416
135,6,3,1614764862
105,148,4,1627294580
177,43,4,1629305093
75,42,5,1688406710
86,140,4,1629368040
11,78,3,1679562306
70,31,4,1614459231
100,62,4,1653526345
17,37,3,1682690677
189,70,4,1640235775
56,86,4,1668754439
96,19,3,1650960773
191,146,4,1615411952
126,106,5,1651952973
120,82,3,1680021866
73,26,3,1695378914
107,13,5,1618744956
39,47,4,1669948947
22,28,2,1684684798
101,0,3,1647826627
138,47,4,1697447525
73,97,2,1670080873
130,28,2,1612006585
166,118,2,1699726918
178,129,2,1673832165
164,36,3,1607060960
30,105,4,1644341556
8,107,5,1681228067
163,143,4,1640243425
85,88,3,1652166441
130,92,2,1620601458
71,78,4,1698982267
174,134,4,1665252648
147,134,2,1670248111
56,77,3,1685613268
102,56,4,1628192680
131,75,3,1604003063
94,124,3,1680151412
82,128,4,1628398614
35,103,4,1682345796
188,96,3,1635006203
58,48,3,1600724632
62,106,3,1696159203
31,3,4,1610763010
69,34,2,1664161462
70,60,4,1648615045
191,121,4,1665179213
34,14,2,1663808459
77,14,3,1655176935
69,2,2,1601255596
148,103,3,1685578211
195,69,4,1608734404
104,41,5,1618302335
121,31,4,1683524434
185,143,4,1656733994
2,147,5,1660074148
120,18,4,1601234261
78,30,3,1651669964
90,84,5,1609110538
147,37,2,1670846744
71,20,4,1680595595
14,116,3,1628241723
161,33,4,1667664032
17,11,2,1694737582
160,115,4,1689144321
51,70,2,1673744740
178,123,3,1654336783
6,40,4,1678533812
14,109,3,1687932978
123,125,4,1630134494
117,96,4,1696980142
42,82,4,1688506708
13,122,2,1622342830
141,119,4,1623395859
55,8,4,1696045612
1,79,4,1657597795
85,52,3,1640541152
76,107,4,1643157080
58,129,3,1672137510
49,71,4,1699346967
187,49,4,1643126914
65,91,3,1609078490
162,46,3,1647902178
127,64,4,1677453444
182,118,3,1643459702
152,47,4,1650376046
121,129,4,1604105445
36,141,4,1615065296
93,15,3,1648034504
55,54,3,1663967112
46,16,3,1641348860
108,105,4,1620314465
48,107,4,1615506825
16,71,3,1693560811
20,131,2,1611737184
45,20,4,1654743493
7,51,3,1625433959
16,127,4,1684178525
109,63,4,1604649726
117,116,4,1611637087
116,90,4,1678510376
158,80,4,1684218561
112,90,5,1614462737
167,13,3,1632418970
21,99,3,1667925460
116,24,3,1615178179
174,46,3,1624364937
38,50,5,1679102340
82,115,4,1614239498
75,14,2,1636426071
39,21,2,1601561930
82,14,3,1647397294
23,82,3,1650705279
45,43,2,1631699999
56,83,4,1673977833
44,95,4,1662772575
94,40,5,1667314273
104,67,3,1607658449
120,72,3,1648961584
133,133,2,1659971153
161,58,5,1609282411
143,1,2,1642398886
42,87,4,1649733063
19,17,5,1643423329
10,112,2,1651527233
85,20,3,1642258038
157,92,4,1635921499
0,59,1,1675447605
155,77,3,1611555228
59,27,5,1649134501
96,20,4,1671896729
185,70,3,1618070435
129,36,3,1690770473
164,21,3,1641185638
110,99,4,1693600218
120,30,3,1657211398
69,31,5,1625365134
109,73,3,1672812696
53,120,2,1628276205
168,2,1,1604079265
55,22,3,1699532512
107,67,4,1630076878
71,35,3,1656785893
178,12,4,1620636753
37,96,5,1651800833
3,41,5,1608903279
30,24,3,1682245143
164,106,4,1666808832
70,33,4,1601013892
39,105,3,1626927229
58,134,3,1612896549
185,98,4,1645220415
25,123,3,1651272640
177,60,3,1680819083
30,95,3,1662682647
107,81,5,1664692519
41,14,4,1612776601
198,117,3,1655856418
45,125,3,1632666287
121,121,5,1686645814
4,17,3,1626975545
187,20,3,1682844855
76,80,4,1675419325
40,102,4,1678404117
144,6,5,1652083258
86,61,5,1633645857
37,4,4,1686154645
35,69,3,1603169786
124,14,2,1658072993
186,46,3,1650977036
125,116,2,1656788081
85,117,3,1629390058
3,64,4,1641890945
130,100,3,1661350091
188,131,4,1679812339
14,21,2,1645302718
86,11,5,1616521345
112,106,3,1670527533
53,56,4,1656022470
1,65,3,1668722330
120,1,2,1642909702
168,145,2,1632265714
180,30,3,1658314388
155,42,3,1686594804
0,147,3,1618943870
108,89,4,1669013631
88,59,3,1669854680
19,122,1,1631713117
54,129,3,1690732449
175,116,4,1679388960
76,44,2,1634586847
71,40,1,1678805296
144,65,4,1647617862
137,123,4,1641661703
113,47,3,1640662720
30,113,3,1678326981
33,116,2,1632733035
186,78,5,1695320405
77,49,4,1666756199
192,140,4,1687214747
34,51,1,1613794933
109,40,3,1621273665
56,85,4,1657186511
52,88,3,1643338860
136,6,5,1696019847
141,81,4,1636212008
163,101,3,1649623560
85,122,2,1620481355
127,145,4,1600433768
3,24,3,1629801585
170,58,5,1619532447
156,39,4,1675813129
123,28,3,1658011414
73,17,4,1677843969
125,72,3,1640378072
93,110,2,1680168167
2,21,4,1605568970
158,31,3,1632567729
124,74,2,1650454381
23,107,3,1657747153
38,44,3,1623774059
189,149,5,1672229533
116,2,4,1680220985
168,29,2,1608257041
62,139,3,1661032148
184,39,4,1650439563
141,143,4,1684895060
185,15,3,1645629332
158,12,3,1613145586
68,44,2,1609398708
168,67,2,1614026941
188,34,3,1680772350
118,40,3,1666600190
131,110,2,1691795595
57,9,5,1650121527
15,0,3,1670303601
31,79,3,1672430840
104,74,4,1691280934
104,130,5,1699567996
93,108,5,1615620059
139,116,2,1691979245
6,20,3,1612147010
42,99,3,1690685422
168,86,3,1619088861
181,6,5,1602056366
0,15,4,1603995095
10,27,3,1639513564
4,142,3,1633284988
117,146,3,1696805784
23,84,2,1655326083
89,39,4,1642223024
74,1,1,1638919722
84,117,4,1661185176
58,8,3,1613979199
130,14,2,1697938651
106,7,2,1614623257
188,113,5,1669397512
143,104,4,1658182539
150,86,4,1619230672
54,28,3,1654327038
49,47,3,1667482034
8,39,4,1640326364
127,111,2,1665855022
143,131,3,1694502309
134,38,3,1620801952
79,79,2,1614525928
192,113,3,1641164656
112,107,5,1643168187
187,55,3,1606128674
163,103,4,1634776841
156,97,4,1612883884
138,133,4,1619747522
11,1,3,1610013772
85,94,5,1635972587
11,112,4,1698755261
66,34,2,1614301701
36,123,4,1642520935
176,8,5,1621276060
159,42,1,1652382106
121,11,2,1601128743
122,31,2,1633143965
124,46,3,1617793323
152,80,3,1699169133
161,69,3,1698242880
13,30,3,1695010260
125,126,2,1661144967
37,94,5,1676785918
77,146,4,1646210532
125,29,3,1683528666
87,24,4,1665823112
112,149,4,1653580810
163,127,4,1672679901
85,115,5,1688811787
120,48,4,1651972070
73,85,3,1632668688
58,117,3,1618217843
110,49,3,1613396290
70,67,1,1627258678
127,141,3,1600302775
2,43,5,1621682896
145,116,5,1669254509
98,27,3,1653126416
44,15,3,1666424616
159,53,4,1609312253
64,21,4,1654055388
98,12,3,1615367098
93,144,3,1619714536
104,147,3,1650749492
158,79,4,1666626911
86,127,4,1694310732
25,28,3,1601210113
144,23,3,1681098764
143,36,4,1663863693
165,4,3,1617410105
124,92,3,1631249689
199,1,3,1659737382
141,89,3,1697896260
91,73,4,1634911032
94,100,3,1657683494
144,61,4,1652963823
23,101,3,1678196813
69,54,5,1638987124
57,39,3,1665763172
95,109,3,1685319616
132,39,5,1666906459
98,16,2,1666012892
162,70,3,1647297948
178,45,2,1636104594
174,67,3,1696515865
19,145,3,1617114477
88,83,4,1690599205
13,3,4,1699260104
185,119,4,1613890449
4,144,3,1683655265
150,73,3,1626500605
69,88,3,1601354665
101,83,3,1692990083
92,51,4,1633383227
112,61,3,1677243941
163,96,3,1655130839
12,110,5,1634876408
193,23,4,1636448919
41,70,4,1638253286
121,79,2,1603490830
133,140,5,1634408710
150,128,3,1668088479
85,67,4,1645886217
96,81,3,1624050785
189,9,5,1684577254
147,96,4,1637979866
148,117,3,1699000455
26,86,5,1659378612
121,33,5,1699047006
39,113,4,1651389780
168,144,1,1606651325
7,72,3,1650814400
6,14,3,1614061567
188,3,3,1670417043
189,106,4,1691736996
31,129,5,1617426344
191,25,4,1699657240
96,104,2,1642835280
188,144,3,1601447358
143,62,3,1664798572
79,133,3,1608195533
85,8,5,1632924196
154,112,3,1694453710
174,27,4,1605324354
45,101,3,1663762583
18,62,4,1658902702
104,134,4,1605414572
153,30,4,1681519291
153,21,3,1691127696
58,70,2,1642782786
0,103,3,1687035616
35,59,4,1620408460
96,17,4,1613470904
4,145,4,1608679723
145,64,5,1669200535
115,71,5,1618157819
67,147,5,1620563057
159,47,4,1650827179
29,67,4,1622899271
16,131,3,1618953600
57,77,2,1614488644
162,36,5,1607090800
123,15,2,1663676082
108,16,4,1686987030
152,97,1,1691139150
147,80,4,1697218060
121,62,3,1639101180
77,106,5,1688488054
97,58,3,1673131328
101,146,3,1650931051
9,25,2,1629957417
155,87,5,1678123909
56,145,4,1680786873
76,63,3,1649820960
139,132,5,1627757673
90,9,4,1623671576
11,63,3,1647721689
156,145,2,1642098318
178,40,2,1658603852
103,136,2,1648116925
25,49,4,1638242064
147,49,4,1653468899
195,5,5,1680510865
180,24,4,1631639699
55,55,3,1647127529
67,95,4,1654762166
165,63,3,1698707873
73,62,4,1600708205
188,50,5,1675863414
114,33,5,1624149408
69,66,3,1683718664
23,85,3,1650850135
123,4,2,1605700751
108,65,1,1688005669
85,51,2,1636770320
99,8,4,1623142362
35,8,4,1634225204
126,69,3,1612393538
196,115,5,1685107406
42,49,3,1626023442
2,136,4,1621625443
102,141,2,1685797751
16,147,3,1635076906
14,134,4,1679527819
157,54,3,1638876069
28,143,4,1620330555
22,69,3,1631039564
8,127,3,1610158043
131,67,5,1676247870
62,61,4,1622497795
179,74,3,1637619829
133,71,3,1681356973
75,71,3,1642618110
97,15,2,1655757424
95,63,5,1643483525
86,114,2,1635658973
197,108,4,1601272350
186,81,4,1640695768
85,55,4,1634471487
107,130,4,1604862341
59,69,4,1682639396
133,59,3,1695139178
34,18,3,1605562768
70,59,4,1678554305
153,117,4,1672025523
63,7,3,1652832863
24,140,5,1614445426
87,116,4,1677572724
155,61,4,1605611298
181,26,5,1649752205
181,59,5,1678938492
190,26,3,1657693101
111,45,4,1612006681
123,57,3,1633575792
28,125,3,1621222327
55,133,3,1653428394
197,39,5,1631798408
126,51,5,1631964578
21,49,4,1655356425
107,21,3,1685538742
28,43,2,1670533349
145,37,4,1696555957
53,0,5,1639387053
17,31,4,1648283378
150,95,4,1695351949
136,77,2,1648421249
97,3,4,1651739431
138,128,4,1669791169
164,109,3,1676376869
88,74,3,1636937792
186,133,4,1696832526
108,140,5,1606746743
152,93,1,1661798472
95,44,5,1619629216
132,90,5,1662099610
107,19,2,1613733797
105,139,4,1620162882
162,74,5,1690979032
43,129,4,1695769046
19,82,2,1608383085
21,31,5,1632366898
74,135,1,1694526209
158,71,4,1682428388
112,2,4,1672127756
148,136,5,1690428625
90,63,3,1644142437
150,40,4,1616424022
101,41,4,1620437131
172,110,3,1618136530
198,1,3,1613099979
101,36,2,1668032573
57,146,5,1628567664
12,103,2,1601204410
52,93,4,1606354571
88,105,2,1616784884
85,96,4,1612020044
166,139,5,1634382100
195,111,3,1693471376
6,105,3,1626989626
148,9,5,1665357386
196,58,4,1626107529
90,91,3,1658570753
25,60,5,1668889387
190,14,2,1684256713
183,108,4,1688517355
119,122,2,1676861369
101,121,3,1600647775
59,93,1,1610386891
114,2,4,1623963292
76,113,3,1675401735
70,103,4,1679174292
153,39,4,1698059342
138,23,5,1699446593
43,22,4,1608402843
104,112,3,1698842108
103,147,4,1619719799
29,14,3,1648356346
83,96,3,1609744107
20,26,3,1640064310
57,138,4,1607243211
60,88,4,1672378509
52,100,4,1609093285
120,9,4,1611500809
185,30,5,1671195908
147,94,3,1657035740
12,64,2,1639194096
157,55,4,1689703469
155,101,3,1618318369
7,99,5,1649887299
116,144,3,1692276540
158,107,5,1602688576
14,10,2,1681857565
66,146,4,1614841903
80,70,4,1611355854
183,149,5,1682224595
172,130,5,1629265266
7,67,3,1609593982
136,95,4,1633673051
187,38,4,1611882822
42,33,3,1667190954
187,58,3,1679105067
69,142,3,1656424979
116,36,4,1605882351
83,149,4,1605668422
89,45,2,1654192190
159,12,4,1611137022
19,38,3,1602236571
79,29,3,1681997640
111,35,2,1620737183
164,46,3,1655921646
108,61,5,1618882864
116,27,5,1608815272
56,121,3,1681831141
102,122,3,1626510464
81,10,2,1612384815
50,86,5,1615868536
139,81,4,1650756941
31,102,5,1659015009
14,105,3,1640065258
126,67,5,1632564887
190,52,4,1670567330
118,65,4,1633801203
177,64,3,1636021149
58,133,3,1643002325
93,27,4,1662782217
52,61,2,1663478984
141,42,4,1606459285
153,112,4,1693097655
58,68,3,1632444125
134,76,1,1612408879
118,68,2,1634203743
90,124,3,1678180330
153,135,4,1638010513
130,142,2,1643275032
52,85,4,1640344568
133,30,4,1602622755
43,39,3,1683325683
106,113,3,1607053826
56,64,4,1647358102
150,17,3,1668341571
71,108,4,1665473199
31,74,2,1671317703
86,104,4,1654778790
63,118,3,1641151442
167,55,2,1657071698
144,8,5,1629588988
9,6,5,1640464792
83,10,3,1675231408
68,114,4,1624707063
153,96,4,1607234484
75,29,3,1674036465
9,96,4,1676386764
106,95,3,1633493242
161,57,4,1602686159
8,37,1,1618858339
19,41,5,1688580506
31,140,5,1667072908
37,141,4,1677424365
193,94,2,1699337552
20,0,5,1688487745
58,149,3,1664908524
120,70,4,1625086381
172,73,3,1645067841
186,114,4,1672063841
105,55,3,1688084705
14,62,1,1667879376
172,127,3,1661782066
95,36,4,1683893278
194,133,2,1633041405
10,75,4,1699647472
90,75,5,1671378598
138,88,3,1687788554
164,144,3,1622029777
146,33,5,1660747907
143,117,4,1698640204
84,75,5,1684763602
145,88,4,1613983171
192,139,2,1605185980
15,54,3,1679076609
98,51,3,1659267878
108,114,4,1677791648
106,50,4,1613477572
0,148,3,1660604627
62,11,5,1695074606
115,133,2,1699869541
63,27,3,1634142473
52,52,2,1611359975
78,113,5,1635938343
96,118,3,1600524695
155,102,3,1602910848
130,7,1,1644661757
126,112,3,1667597334
20,100,3,1683551931
9,65,3,1698843362
77,54,4,1673825870
84,74,2,1608768564
14,101,3,1657034128
119,129,4,1617697895
133,136,4,1604932657
121,82,4,1677415435
192,146,3,1677350489
90,55,3,1608303757
168,87,3,1627291353
134,121,4,1651340933
49,34,4,1637429279
96,123,3,1664390741
164,67,2,1642227994
59,125,3,1665282792
113,55,2,1660048727
143,137,5,1680932060
181,31,5,1692221268
35,56,2,1693567238
120,129,4,1677595755
8,131,5,1608475244
57,48,3,1602511172
117,38,4,1673278675
113,53,3,1691359600
149,114,2,1662555417
152,107,3,1662835698
156,89,5,1605111530
166,1,3,1624480166
13,68,2,1609241092
26,136,4,1692476225
2,114,3,1640741407
161,121,4,1650730601
61,30,2,1601533239
31,136,3,1676727843
82,90,2,1695865460
154,95,4,1689259227
78,81,4,1673081405
56,59,3,1675530161
37,37,5,1687779722
109,97,4,1631334474
9,28,2,1668735989
135,66,4,1603130837
118,55,3,1692231960
34,47,4,1649056449
172,10,3,1640255310
69,123,2,1661703382
67,109,4,1619208878
199,95,4,1639179732
122,137,2,1663872468
60,32,3,1644630244
17,38,3,1635750739
3,91,3,1642091581
104,123,3,1641038076
11,97,3,1679256171
195,9,5,1601675490
10,141,2,1697544116
4,139,4,1620350914
69,45,4,1671613477
195,52,5,1685144025
19,33,2,1668570080
70,125,4,1658514417
19,65,4,1698786451
45,41,5,1656581966
152,106,3,1668926281
168,62,1,1600706730
158,33,5,1647106084
93,149,4,1652659740
158,128,5,1635859706
188,15,5,1692323934
164,126,2,1687817886
113,62,3,1602996064
192,107,4,1680811828
145,32,4,1625914322
98,100,2,1632749965
3,65,3,1653334750
69,14,3,1651162088
119,65,3,1666937994
182,2,4,1612243818
70,78,4,1644697788
31,56,3,1628646268
141,145,4,1660411512
18,28,4,1610966486
70,23,4,1640029217
165,138,2,1678123650
191,69,3,1682820164
199,138,2,1651516099
95,75,4,1661622905
90,85,3,1695558005
22,134,4,1656903672
121,44,2,1605829972
80,114,3,1695389707
99,17,1,1659933871
90,77,4,1692399337
143,100,4,1629774451
115,26,3,1675065089
172,136,5,1624613792
17,57,4,1630012142
58,15,3,1619449981
89,64,2,1618103943
101,117,2,1658329513
59,61,2,1661811117
45,98,4,1603274417
1,19,4,1666754203
196,98,4,1664820843
53,141,2,1613658174
175,24,3,1629706835
85,139,4,1625658393
111,115,4,1688302527
31,26,3,1678863573
124,135,3,1612769645
126,18,3,1692165576
90,119,4,1655449110
20,52,4,1682165558
47,41,5,1648333198
64,112,4,1698605332
153,22,4,1611437812
147,123,3,1663539640
63,33,4,1694260090
92,119,4,1601009070
109,89,4,1631217961
41,67,2,1614947679
193,112,3,1632395405
183,143,4,1697650966
195,86,3,1673530745
4,99,3,1612670185
82,70,4,1643533062
111,73,4,1632591796
133,1,2,1682672565
167,20,4,1687269455
168,136,2,1693304730
34,142,4,1630368470
95,58,5,1689236716
49,27,4,1606654312
134,48,4,1655449741
116,7,1,1692606961
38,34,3,1689467192
60,62,4,1698535239
180,68,4,1681933806
35,136,5,1613356631
33,82,4,1680741673
59,135,4,1624500122
172,8,3,1660690958
39,55,3,1698333208
132,52,4,1605520396
147,62,2,1661693412
57,20,4,1621763822
11,43,5,1647600117
52,105,4,1697932383
86,117,5,1698926722
195,51,3,1666976290
183,103,3,1694823644
125,128,3,1606599253
37,6,5,1612311754
147,1,3,1615868628
3,51,3,1612787845
160,77,4,1611644851
59,13,3,1613323906
164,24,4,1650298690
48,140,4,1642146733
89,137,4,1632960363
187,72,2,1618360832
85,87,5,1699366078
3,54,3,1654004392
71,120,3,1677595408
100,12,4,1689958682
111,36,3,1614687108
117,42,4,1658047663
32,86,4,1646914345
105,1,4,1699000531
106,64,2,1665898584
131,145,3,1623451636
196,55,4,1673759668
118,46,3,1624474696
168,97,3,1616264842
14,64,5,1683669150
95,124,5,1667410771
11,135,3,1661264614
75,27,4,1689525152
31,59,2,1600249336
151,1,2,1651716607
156,85,3,1606564027
73,36,4,1622150407
23,81,4,1600796243
133,77,3,1651572185
35,51,3,1634552144
106,27,4,1686620122
76,16,4,1605918549
66,89,4,1668618708
27,26,3,1661248236
164,74,1,1646192064
39,13,4,1687892433
11,93,4,1617676315
76,82,5,1688829942
89,117,4,1692646991
111,91,4,1638265656
112,31,5,1634917116
186,70,5,1626695578
155,5,4,1641263302
118,144,3,1696839997
138,52,3,1608018831
24,66,4,1683744519
153,36,4,1649466498
113,37,3,1628648806
31,34,5,1677129296
110,106,4,1697544437
74,0,2,1669736922
55,83,5,1671299355
119,124,4,1690008497
63,18,4,1600006119
134,68,2,1649687772
19,32,2,1620711035
93,73,2,1613459702
65,71,2,1613246179
31,45,3,1687766859
141,98,3,1642727878
127,23,3,1683466554
156,9,3,1638947793
34,11,2,1661925893
121,75,3,1682032989
104,48,3,1699639844
182,102,2,1615426995
153,129,3,1697694376
57,12,5,1681253806
14,71,2,1655020448
162,145,4,1674634663
27,7,1,1636209803
145,67,2,1677095028
159,127,5,1624822941
120,88,4,1606536904
104,21,3,1602524031
3,97,4,1678274936
90,125,4,1645444185
143,74,3,1679072539
189,50,3,1657507873
142,116,4,1668869282
8,138,4,1681015508
153,95,2,1655946072
18,29,3,1685727013
78,141,3,1612973138
166,101,2,1683525466
103,122,5,1699622189
168,147,2,1683278842
56,123,3,1698743782
188,42,5,1650325129
51,143,4,1605359814
149,131,2,1678409795
63,5,4,1671057554
174,79,4,1624212833
125,58,3,1645182700
62,28,3,1625273453
123,149,5,1656274237
72,11,3,1614121872
119,56,3,1631452165
6,149,4,1662499815
136,116,4,1651563173
113,42,4,1618426824
107,79,4,1650408694
55,147,3,1694174234
40,53,4,1673192564
110,111,3,1684457351
53,91,5,1675871720
164,96,4,1613055800
0,106,2,1680766925
41,65,3,1637022365
107,147,4,1613048553
149,104,3,1670883378
181,124,5,1654965930
178,6,4,1626483333
127,117,3,1641254758
98,139,4,1691996952
98,114,4,1656898600
194,120,5,1699153640
15,149,4,1657020551
177,52,3,1689811969
163,58,4,1699424784
140,130,4,1664302994
162,86,3,1657772775
130,27,4,1631117267
162,75,3,1655647542
18,88,3,1602166034
198,129,3,1692261519
158,27,4,1629201829
17,100,3,1663435297
87,143,5,1644615285
2,28,3,1603072888
115,13,3,1641785442
141,39,2,1645722997
164,59,3,1631329086
78,40,4,1691956241
18,7,3,1608412232
62,17,5,1657251778
156,20,3,1657840735
80,133,2,1629009810
30,84,2,1613957406
63,99,3,1635879511
169,148,4,1692100452
13,10,3,1689294015
147,44,4,1657706111
110,124,2,1623889415
124,47,3,1655941321
145,73,3,1691071919
54,41,4,1638657485
155,107,2,1604077023
174,45,4,1641983727
183,39,5,1649869158
109,116,4,1613306966
184,4,3,1639641955
79,40,1,1660452352
72,114,3,1656873384
28,49,3,1607673732
23,8,3,1684027773
159,17,4,1625654895
37,90,5,1625868283
94,18,2,1690751918
60,114,3,1600625085
56,20,3,1624989139
3,69,4,1632583849
192,44,4,1606305601
56,82,3,1653911221
41,11,4,1628378946
162,110,4,1657270185
53,136,3,1687432926
194,108,3,1683448643
180,123,5,1677265202
128,40,5,1691902704
69,27,3,1629016800
92,113,3,1654700782
21,146,4,1615249920
129,64,4,1689358878
102,132,2,1617342599
107,102,4,1635161452
50,25,5,1630254725
143,60,3,1640755274
13,12,3,1688171886
31,29,5,1616003007
172,27,4,1687828121
112,34,4,1683433402
89,102,3,1628064599
8,30,5,1668455006
125,131,2,1619411992
116,94,1,1678159396
106,24,3,1633567539
108,108,1,1677612892
14,24,4,1661662451
151,29,5,1691148412
